Track ID,Track Name,Album Name,Artist Name(s),Release Date,Duration (ms),Popularity,Added By,Added At,Genres,Danceability,Energy,Key,Loudness,Mode,Speechiness,Acousticness,Instrumentalness,Liveness,Valence,Tempo,Time Signature
1BV0m40U0M4t1SLIsDnwZl,1973,All the Lost Souls,James Blunt,17-09-2007,280026,69,125771062,2022-09-20T14:38:56Z,,0.72,0.668,9,-7.928,1,0.0269,0.0653,0.00675,0.0789,0.769,123.005,4
1pctwlBtIcKIjQMzsVcGHB,A Hard Day's Night - Remastered 2015,1 (Remastered),The Beatles,13-11-2000,152920,50,125771062,2023-07-23T10:24:47Z,"classic rock,psychedelic rock",0.546,0.818,0,-4.89,1,0.031,0.0487,0,0.0983,0.756,138.561,4
47y8hRlWLEJ4VafE6LMjEZ,A Little Less Conversation,The Essential Elvis Presley,Elvis Presley,2007,132013,54,125771062,2022-10-01T17:44:33Z,"rockabilly,rock and roll",0.584,0.802,2,-8.03,1,0.0784,0.149,0,0.0683,0.835,114.172,4
3AH12fVi34vJVqriMpM6Bo,A Little More,Pure Fiction,Eric Hutchinson,08-04-2014,196600,38,125771062,2022-09-20T14:38:56Z,,0.643,0.741,2,-5.084,1,0.0404,0.013,0.0000234,0.0711,0.935,80.043,4
3RIm56NRLSZYo1xgHlbPH4,Zimmer: A Man For All Seasons,Johnny English - Original Motion Picture Soundtrack,"Hans Zimmer,Robbie Williams",01-01-2003,239760,40,125771062,2022-09-20T14:38:56Z,soundtrack,0.583,0.744,2,-8.36,0,0.0318,0.0091,0,0.272,0.818,123.901,4
0FDzzruyVECATHXKHFs9eJ,A Sky Full of Stars,Ghost Stories,Coldplay,16-05-2014,267866,87,125771062,2024-02-21T16:47:29Z,,0.545,0.675,6,-6.474,1,0.0279,0.00617,0.00197,0.209,0.162,124.97,4
4w1lzcaoZ1IC2K5TwjalRP,A Thousand Miles,Be Not Nobody,Vanessa Carlton,30-04-2002,237493,77,125771062,2022-09-20T14:38:56Z,,0.56,0.825,11,-3.862,1,0.0379,0.323,0,0.161,0.268,94.931,4
6lanRgr6wXibZr8KgzXxBl,a thousand years,a thousand years,Christina Perri,18-10-2011,285120,83,125771062,2022-09-20T14:38:56Z,soft pop,0.421,0.407,10,-7.445,1,0.0267,0.309,0.000961,0.11,0.161,139.028,3
69uxyAqqPIsUyTO8txoP2M,Adventure of a Lifetime,A Head Full of Dreams,Coldplay,04-12-2015,263786,82,125771062,2022-09-20T14:38:56Z,,0.638,0.924,7,-3.887,1,0.036,0.00205,0.000175,0.149,0.53,111.995,4
2374M0fQpWi3dLnB54qaLX,Africa,Toto IV,TOTO,08-04-1982,295893,85,125771062,2022-09-20T14:38:56Z,soft rock,0.671,0.373,9,-18.064,1,0.0323,0.257,0.0000801,0.0481,0.732,92.718,4
1PC5GV3OaoXx5em8ttQOMI,After Midnight,Naturally,J.J. Cale,1972,143693,61,125771062,2022-09-20T14:38:56Z,"blues,blues rock,roots rock",0.694,0.306,2,-19.315,1,0.0353,0.171,0.0736,0.0866,0.521,95.989,4
7mze3mJmu79AJu8SnS37pS,Aicha,Bread & Barrels Of Water (International Version),Outlandish,01-04-2003,275680,55,125771062,2024-02-21T16:47:38Z,,0.745,0.64,2,-5.494,1,0.0526,0.21,0.000053,0.112,0.612,86.98,4
5jE48hhRu8E6zBDPRSkEq7,All About That Bass,Title (Deluxe),Meghan Trainor,09-01-2015,187920,71,125771062,2022-09-20T14:38:56Z,,0.807,0.887,9,-3.726,1,0.0503,0.0573,0.00000287,0.124,0.961,134.052,4
0ElmwRAsaxaUZXnMbaSllH,All About You,Wonderland,McFly,01-01-2005,186866,57,125771062,2022-09-20T14:38:56Z,,0.542,0.559,1,-5.313,1,0.0258,0.197,0,0.0989,0.295,129.898,4
7dblNGnRXEBrVJunazs2U5,All I Have to Do Is Dream,The Very Best of The Everly Brothers,The Everly Brothers,01-08-1964,143333,66,125771062,2022-09-20T14:38:56Z,doo-wop,0.534,0.462,4,-8.172,1,0.0266,0.839,0,0.129,0.534,96.195,4
3cfOd4CMv2snFaKAnMdnvK,All Star,Astro Lounge,Smash Mouth,08-06-1999,200373,78,125771062,2022-09-20T14:38:56Z,,0.731,0.867,11,-5.881,1,0.032,0.0394,0,0.0861,0.776,104.02,4
11y8GSP2ASv8S9n0FiiDva,Angel Of The Morning,Juice,Juice Newton,01-01-1981,250440,62,125771062,2022-09-20T14:38:56Z,,0.452,0.313,8,-9.309,1,0.026,0.433,0.000026,0.0772,0.344,75.806,4
7CKbqqrs0AS1si1ZgaQdcj,Angels,Angels,Robbie Williams,01-01-1997,265333,61,125771062,2022-09-20T14:38:56Z,,0.431,0.59,4,-6.362,1,0.0284,0.163,0.0000111,0.0981,0.257,150.193,4
4J0DbyODwZJcmIAiTSJfMF,Annie's Song,Back Home Again,John Denver,15-06-1974,180693,68,125771062,2022-09-20T14:38:56Z,folk,0.304,0.305,2,-10.879,1,0.0298,0.871,0.00368,0.367,0.464,146.066,3
1NCuYqMc8hKMb4cpNTcJbD,Another Day in Paradise - 2016 Remaster,...But Seriously (Deluxe Edition),Phil Collins,20-11-1989,322133,79,125771062,2023-07-22T06:50:19Z,soft rock,0.78,0.565,3,-7.32,0,0.0306,0.736,0.00269,0.063,0.365,101.967,4
51FAWuc1iPdM06S65Plx11,Antonio's Song,That Summer,Till Brönner,07-06-2004,299520,20,125771062,2022-09-23T09:11:25Z,"smooth jazz,jazz",0.676,0.389,10,-14.082,1,0.0281,0.461,0.432,0.179,0.646,114.024,4
0djZ2ndRfAL69WYNra5jRC,April Come She Will,Sounds Of Silence,Simon & Garfunkel,17-01-1966,109386,61,125771062,2022-09-20T14:38:56Z,"folk rock,folk",0.489,0.186,9,-16.237,1,0.029,0.863,0.000152,0.2,0.349,102.245,4
305WCRhhS10XUcH6AEwZk6,Are You Gonna Be My Girl,Get Born,Jet,2003,213800,35,125771062,2022-09-20T14:38:56Z,,0.606,0.957,2,-3.404,1,0.0814,0.00117,0.000295,0.14,0.603,105.105,4
5u0YB9bpmgEPS2bPhwfRFV,arms,lovestrong.,Christina Perri,10-05-2011,261213,57,125771062,2022-09-20T14:38:56Z,soft pop,0.463,0.755,4,-7.244,1,0.0634,0.11,0.00000489,0.103,0.252,145.319,4
3NKzaAQXoHXhXqMHN9IsRb,"Answer Me, My Love",For You,Inger Marie Gundersen,31-10-2011,229245,17,125771062,2025-03-13T01:48:02Z,"vocal jazz,smooth jazz",0.627,0.0819,5,-27.517,1,0.0366,0.769,0.0283,0.113,0.369,88.638,4
0ri0Han4IRJhzvERHOZTMr,At My Worst,The Prelude,Pink Sweat$,17-07-2020,170344,66,125771062,2022-09-20T14:38:57Z,,0.813,0.415,0,-5.926,1,0.0349,0.777,0,0.131,0.667,91.921,4
1j9HwUMSkRUeVFRWlHcFsy,Ave Maria,I AM...SASHA FIERCE,Beyoncé,14-11-2008,221653,46,125771062,2022-09-20T14:38:57Z,,0.35,0.403,0,-9.57,1,0.0279,0.786,0,0.12,0.201,104.957,3
3MjUtNVVq3C8Fn0MP3zhXa,...Baby One More Time,...Baby One More Time (Digital Deluxe Version),Britney Spears,12-01-1999,211066,82,125771062,2022-09-20T14:38:57Z,pop,0.759,0.699,0,-5.745,0,0.0307,0.202,0.000131,0.443,0.907,92.96,4
1vNXvCxrcKg8Mq6KHAV6ZF,Bachelor Boy,Summer Holiday,Cliff Richard & The Shadows,01-01-2014,122339,16,125771062,2023-05-12T09:40:27Z,,0.363,0.232,2,-20.154,1,0.0356,0.828,0,0.0931,0.898,201.199,3
5AmekBD8x9RIu9MMX81aYz,Beautiful Tango - Remastered,Handmade (Remastered),Hindi Zahra,04-02-2011,236866,17,125771062,2022-09-23T09:12:53Z,tango,0.745,0.376,6,-9.521,0,0.0541,0.975,0.0478,0.128,0.654,126.212,4
0pqnGHJpmpxLKifKRmU6WP,Believer,Evolve,Imagine Dragons,23-06-2017,204346,85,125771062,2023-03-27T14:35:21Z,,0.776,0.78,10,-4.374,0,0.128,0.0622,0,0.081,0.666,124.949,4
5WHnE8MsLFHqSUwecrs7WO,Bésame Mucho,Amor (Edición Especial En Español),Andrea Bocelli,01-01-2006,241232,61,125771062,2022-09-20T14:38:57Z,opera,0.521,0.502,5,-8.521,0,0.0287,0.886,0.02,0.188,0.378,95.028,4
0BMyRHOFOvHjAEzeNfQIeN,Better When I'm Dancin',The Peanuts Movie - Original Motion Picture Soundtrack,Meghan Trainor,26-05-2016,176266,47,125771062,2022-09-20T14:38:57Z,,0.756,0.789,2,-7.002,1,0.0324,0.53,0.000711,0.157,0.873,127.987,4
0SGojwNP2zUrgDyeoBQxYO,The Big Bang,The Big Bang,Rock Mafia,29-10-2010,160200,60,125771062,2022-09-20T14:38:57Z,,0.902,0.816,0,-3.077,0,0.0312,0.124,0.00000894,0.18,0.894,96.01,4
1wfzOH54LylpiG8hAOjKcS,Big Yellow Taxi,100 Greatest Summer Songs,Joni Mitchell,05-04-2019,134800,46,125771062,2023-02-12T10:29:03Z,"folk,singer-songwriter,folk rock",0.611,0.47,4,-9.135,1,0.0356,0.585,0,0.58,0.97,85.527,4
5ChkMS8OtdzJeqyybCc9R5,Billie Jean,Thriller 25 Super Deluxe Edition,Michael Jackson,08-02-2008,293826,77,125771062,2024-02-24T05:36:52Z,,0.92,0.654,11,-3.051,0,0.0401,0.0236,0.0153,0.036,0.847,117.046,4
2WzdWQCJlxGpNnN1a69o08,Biomusicology,Never Come Undone,KOJI,03-05-2011,338696,0,125771062,2023-02-21T04:29:49Z,,0.509,0.318,4,-12.626,1,0.0275,0.611,0.00301,0.0926,0.359,145.071,3
08T5wMbEnPN8ghT8o24KY6,Bistro Fada,Bistro Fada,Stephane Wrembel,13-05-2011,182933,51,125771062,2022-09-20T14:38:57Z,french jazz,0.761,0.371,4,-10.908,0,0.0403,0.892,0.853,0.0791,0.864,98.989,3
57iDDD9N9tTWe75x6qhStw,Bitter Sweet Symphony - Remastered 2016,Urban Hymns (Remastered 2016),The Verve,29-09-1997,357266,81,125771062,2023-02-15T17:10:29Z,"britpop,shoegaze",0.356,0.917,9,-6.006,1,0.0479,0.0335,0,0.406,0.518,171.176,4
5jgFfDIR6FR0gvlA56Nakr,Blackbird - Remastered 2009,The Beatles (Remastered),The Beatles,22-11-1968,138386,75,125771062,2024-08-25T02:13:39Z,"classic rock,psychedelic rock",0.686,0.127,7,-14.361,1,0.0342,0.754,0.0000141,0.0573,0.372,93.699,4
0VjIjW4GlUZAMYd2vXMi3b,Blinding Lights,After Hours,The Weeknd,20-03-2020,200040,87,125771062,2022-09-20T14:38:57Z,,0.513,0.73,1,-5.94,1,0.0598,0.00143,0.0000954,0.0897,0.334,171.001,4
62Yu8QL1g9pdbvN4XL9Rah,Blowin' in the Wind,In the Wind,"Peter, Paul and Mary",1963,177360,52,125771062,2022-09-20T14:38:57Z,"folk,folk rock",0.381,0.0848,5,-17.77,1,0.032,0.834,0,0.112,0.557,155.036,4
2BY7ALEWdloFHgQZG6VMLA,Brandy (You're a Fine Girl),Looking Glass,Looking Glass,1972,186826,76,125771062,2022-09-20T14:38:57Z,,0.716,0.625,1,-11.369,0,0.0601,0.396,0.0000197,0.134,0.826,125.276,4
6MTrtNdft6F4t64fEzhNNA,Brasileirinho,Obrigado Brazil (Remastered),"Waldir Azevedo,Yo-Yo Ma",2003,205426,29,125771062,2022-09-20T14:38:57Z,"seresta,samba,classical,chamber music",0.492,0.521,5,-13.08,1,0.0635,0.35,0.77,0.0797,0.92,105.03,3
1uzWOoJdADfstQuFtQFTUn,Breakfast At Tiffany's,Home,Deep Blue Something,01-01-1995,257373,70,125771062,2022-09-20T14:38:57Z,,0.622,0.829,2,-5.548,1,0.029,0.11,0,0.0954,0.539,110.367,4
5auMzVHFr5Zfw6IbKarZ56,Breathe (2 AM),Wreck of the Day,Anna Nalick,2005,279826,63,125771062,2023-10-22T03:01:10Z,,0.386,0.452,2,-7.715,1,0.0278,0.417,0,0.0881,0.287,169.837,3
3yrSvpt2l1xhsV9Em88Pul,Brown Eyed Girl,Blowin' Your Mind!,Van Morrison,1967-09,183306,80,125771062,2022-09-20T14:38:57Z,,0.491,0.583,7,-10.964,1,0.0376,0.185,0,0.406,0.908,150.566,4
2ixsaeFioXJmMgkkbd4uj1,Budapest,Wanted on Voyage (Expanded Edition),George Ezra,30-06-2014,200733,81,125771062,2022-09-20T14:38:57Z,,0.717,0.455,5,-8.303,1,0.0276,0.0846,0,0.11,0.389,127.812,4
7rrmHHc1kY9vkIZnXrcH7T,Butterfly,We Sing. We Dance. We Steal Things.,Jason Mraz,12-05-2008,299066,45,125771062,2022-09-20T14:38:57Z,"soft pop,acoustic pop",0.718,0.658,10,-7.207,0,0.0664,0.146,0,0.202,0.804,108.103,4
6oRHRkQigTzJ3KwpO3XOV6,Bye Bye Love,The Very Best of The Everly Brothers,The Everly Brothers,01-08-1964,142906,52,125771062,2022-09-20T14:38:57Z,doo-wop,0.547,0.523,9,-9.176,1,0.0572,0.724,0,0.103,0.89,169.598,4
7Gpx2fNJiilvrf9Ss8qbit,Calendar Girl,Rock with Sedaka (Expanded Edition),Neil Sedaka,12-06-1959,159693,53,125771062,2022-09-20T14:38:57Z,"doo-wop,adult standards",0.703,0.649,8,-7.727,0,0.0312,0.397,0,0.209,0.862,122.719,4
48UPSzbZjgc449aqz8bxox,Californication,Californication (Deluxe Edition),Red Hot Chili Peppers,08-06-1999,329733,82,125771062,2022-09-20T14:38:57Z,"funk rock,alternative rock,rock",0.592,0.767,9,-2.788,0,0.027,0.0021,0.00165,0.127,0.328,96.483,4
44AyOl4qVkzS48vBsbNXaC,Can't Help Falling in Love,Blue Hawaii,Elvis Presley,20-10-1961,182360,79,125771062,2022-09-20T14:38:57Z,"rockabilly,rock and roll",0.396,0.293,2,-14.062,1,0.0275,0.941,0.000196,0.105,0.343,100.307,3
7qUTZEf6bgiApJEXpMAH5y,Can't Smile Without You,Even Now,Barry Manilow,1978,193440,61,125771062,2022-10-13T06:27:22Z,adult standards,0.419,0.516,7,-9.937,1,0.0335,0.494,0.00000441,0.148,0.476,97.884,4
4jDmJ51x1o9NZB5Nxxc7gY,Careless Whisper,Ladies And Gentlemen... The Best Of George Michael,George Michael,09-11-1998,300106,25,125771062,2022-09-20T14:38:57Z,,0.574,0.628,2,-8.815,0,0.036,0.13,0,0.271,0.803,153.119,4
1zVBU0PAj7ZUVmVfG2pgQG,Carry You Home,All the Lost Souls,James Blunt,17-09-2007,234786,60,125771062,2022-09-20T14:38:57Z,,0.344,0.549,2,-7.194,1,0.037,0.7,0.00000116,0.101,0.206,83.046,4
29MwtMspIroR2wFYEJ7ps0,Catch & Release,Catch & Release,Matt Simons,18-09-2015,240466,49,125771062,2022-09-20T14:38:57Z,,0.62,0.447,1,-9.383,0,0.147,0.815,0.000216,0.111,0.612,86.647,4
7qvxFz3JodM0A7xEM7k3YD,Chained To The Rhythm,Witness (Deluxe),"Katy Perry,Skip Marley",09-06-2017,237733,70,125771062,2022-09-20T14:38:57Z,"pop,reggae",0.562,0.8,0,-5.404,1,0.112,0.0814,0,0.199,0.471,95.029,4
3S4px9f4lceWdKf0gWciFu,Cheap Thrills,This Is Acting (Deluxe Version),Sia,21-10-2016,211666,70,125771062,2022-09-20T14:38:57Z,,0.628,0.698,6,-5.608,0,0.105,0.0472,0.00143,0.0907,0.732,89.976,4
762B4bOcXF7I2Y8UlKTyTy,Chiquitita,Voulez-Vous,ABBA,1979,326320,72,125771062,2022-09-20T14:38:57Z,,0.5,0.554,9,-8.108,1,0.0354,0.734,0.00000372,0.312,0.372,84.229,4
0BCPKOYdS2jbQ8iyB56Zns,Clocks,A Rush of Blood to the Head,Coldplay,27-08-2002,307879,84,125771062,2022-09-20T14:38:57Z,,0.577,0.749,5,-7.215,0,0.0279,0.599,0.0115,0.183,0.255,130.97,4
1A5V1sxyCLpKJezp75tUXn,Closing Time,20th Century Masters: The Millennium Collection: Best Of Semisonic,Semisonic,01-01-2003,274160,67,125771062,2022-09-20T14:38:57Z,,0.478,0.854,7,-5.454,1,0.0289,0.0204,0.00000121,0.115,0.274,91.854,4
1sdz3nsrkX4Yo42KLPrmYV,Cloud Number Nine,On A Day Like Today,Bryan Adams,01-01-1998,225573,49,125771062,2022-09-20T14:38:57Z,,0.59,0.72,2,-7.127,1,0.0263,0.0641,0,0.183,0.617,109.644,4
3hWOGUIOcqKDoVpFBLp9Qc,Copacabana (At the Copa),The Greatest Songs Of The Seventies,Barry Manilow,10-09-2007,241346,46,125771062,2022-09-23T08:18:23Z,adult standards,0.763,0.665,9,-7.914,0,0.0444,0.542,0.0000328,0.0972,0.803,108.035,4
7l1qvxWjxcKpB9PCtBuTbU,Count on Me,Doo-Wops & Hooligans,Bruno Mars,11-05-2010,197469,73,125771062,2022-09-20T14:38:57Z,,0.589,0.389,0,-5.972,1,0.028,0.851,0,0.0772,0.501,89.1,4
6sy3LkhNFjJWlaeSMNwQ62,Counting Stars,Native,OneRepublic,01-01-2014,257840,75,125771062,2024-02-27T02:16:57Z,soft pop,0.663,0.706,1,-4.972,0,0.0383,0.0654,0,0.115,0.474,122.013,4
1YYhDizHx7PnDhAhko6cDS,"Take Me Home, Country Roads - Original Version","Poems, Prayers and Promises",John Denver,1971,190160,74,125771062,2022-09-20T14:38:57Z,folk,0.462,0.395,9,-9.376,1,0.0264,0.758,0,0.121,0.625,82.259,4
2N5zMZX7YeL1tico8oQxa9,Crazy,St. Elsewhere,Gnarls Barkley,02-05-2006,182066,14,125771062,2022-09-20T14:38:57Z,,0.836,0.741,8,-1.609,1,0.0339,0.0172,0.0583,0.0826,0.611,111.963,4
2NpKgRCZfFb8fVmvk16iMx,Crazy Little Thing Called Love,The Game,Queen,27-06-1980,163426,0,125771062,2022-09-20T14:38:57Z,"classic rock,rock,glam rock",0.626,0.57,0,-13.453,1,0.0421,0.499,0,0.147,0.745,76.826,4
1FSWSs9CL01RCYxXtm08Rf,Dance with Me Tonight,In Case You Didn't Know,Olly Murs,28-11-2011,202226,65,125771062,2022-09-20T14:38:57Z,,0.672,0.748,11,-5.922,0,0.0589,0.305,0,0.0811,0.964,163.984,4
3Fzlg5r1IjhLk2qRw667od,Dancing in the Moonlight,Onka's Big Moka,Toploader,2000,232693,79,125771062,2022-09-20T14:38:57Z,,0.632,0.856,10,-3.463,1,0.0348,0.0624,0,0.347,0.867,119.397,4
0GjEhVFGZW8afUYGChu3Rr,Dancing Queen,Arrival,ABBA,1976,230400,83,125771062,2022-09-20T14:38:57Z,,0.543,0.87,9,-6.514,1,0.0428,0.358,0.000939,0.792,0.754,100.804,4
5FPnjikbwlDMULCCCa6ZCJ,Daughters,Heavier Things,John Mayer,09-09-2003,237906,64,125771062,2022-09-20T14:38:57Z,singer-songwriter,0.674,0.413,2,-7.816,1,0.0274,0.836,0.0000195,0.098,0.503,124.893,3
3cU2wBxuV6nFiuf6PJZNlC,Dear Future Husband,Title (Deluxe),Meghan Trainor,09-01-2015,184226,75,125771062,2022-09-20T14:38:58Z,,0.655,0.782,1,-4.789,1,0.185,0.375,0,0.317,0.832,79.427,4
4chlGZQX5uPYpRLp3NezmX,Diana,Put Your Head On My Shoulder: The Very Best Of Paul Anka,Paul Anka,03-10-2000,138360,46,125771062,2023-07-01T09:42:11Z,adult standards,0.57,0.408,7,-9.932,1,0.0295,0.341,0,0.549,0.96,143.249,4
2HK5MzOuCmkJQlJYGCQpUU,Die Die Die,Emotionalism (Bonus Track Version),The Avett Brothers,15-05-2007,170866,33,125771062,2022-09-20T14:38:58Z,"indie folk,folk,americana,bluegrass,newgrass,alternative country,folk rock",0.531,0.702,8,-5.309,1,0.0303,0.132,0,0.105,0.767,118.794,4
2HPB3px8MJZRMfu1L65Z41,Does Your Mother Know,Voulez-Vous,ABBA,1979,193440,66,125771062,2022-09-20T14:38:58Z,,0.728,0.865,7,-5.68,1,0.0364,0.151,0.0000243,0.0906,0.975,135.571,4
7Jpclr7tZ6aQXjoKzWXUJV,Don't It Make My Brown Eyes Blue,We Must Believe In Magic,Crystal Gayle,01-01-1977,157653,59,125771062,2022-09-20T14:38:58Z,,0.736,0.321,6,-13.474,1,0.0444,0.799,0.00897,0.0619,0.342,84.928,4
1zNXF2svmdlNxfS5XeNUgr,Don't Know Why,Come Away With Me (Super Deluxe Edition),Norah Jones,26-02-2002,186251,76,125771062,2022-09-20T14:38:58Z,,0.745,0.219,5,-11.216,1,0.0276,0.851,0.000018,0.0678,0.635,88.609,4
3c3b5daSKE7C83YLIOrSnX,Don't Let Me Be Lonely Tonight,Greatest Hits,James Taylor,1976,155199,44,125771062,2022-09-20T14:38:58Z,"folk rock,soft rock,singer-songwriter",0.622,0.145,4,-18.549,0,0.0332,0.813,0.0808,0.148,0.335,75.139,4
7ppPZa3TRUSGKaks9wH7VT,Don't Look Back In Anger,(What's The Story) Morning Glory?,Oasis,02-10-1995,287826,68,125771062,2022-09-20T14:38:58Z,"britpop,madchester,rock",0.349,0.917,0,-3.645,1,0.071,0.026,0.00000725,0.0968,0.206,164.036,4
7lp8vjMj1MN2x0zS7b1Iei,Don't Make Me Miss You,Don't Make Me Miss You,Ray Dalton,08-01-2021,222022,35,125771062,2023-07-22T07:17:17Z,,0.646,0.798,1,-4.368,1,0.0269,0.0504,0.00000803,0.0741,0.876,92.039,4
43DHLzDkncpby82Po5jlOZ,Don't Stop Me Now,Jazz,Queen,10-11-1978,209560,1,125771062,2022-09-20T14:38:58Z,"classic rock,rock,glam rock",0.562,0.757,5,-10.061,1,0.192,0.0563,0.00128,0.558,0.64,156.435,4
2WOjLF83vqjit2Zh4B69V3,"Don't Think Twice, It's All Right",The Freewheelin' Bob Dylan,Bob Dylan,27-05-1963,217400,72,125771062,2022-09-20T14:38:58Z,"folk rock,folk,singer-songwriter,roots rock,country rock",0.6,0.243,4,-17.085,1,0.0366,0.89,0.0022,0.249,0.468,110.535,4
5Y5mqKOWd1wzqSqBeYaeO9,Doubting Thomas,Why Should The Fire Die?,Nickel Creek,01-01-2005,199106,34,125771062,2022-09-20T14:38:58Z,"bluegrass,newgrass,folk,americana",0.392,0.14,1,-14.873,1,0.0305,0.905,0.0000695,0.119,0.274,145.595,4
5vVLUqs9ogEGnH44Lh8Tuc,Dream A Little Dream,Introducing,Laura Fygi,01-01-1991,217573,52,125771062,2022-09-20T14:49:38Z,"french jazz,vocal jazz,jazz,smooth jazz",0.651,0.221,0,-15.223,1,0.0273,0.847,0.00000111,0.0895,0.319,88.17,4
1KLpjQFgubHI3GkAICCNH3,Dream Lover,The Ultimate Bobby Darin,Bobby Darin,23-11-2004,150706,57,125771062,2023-07-01T09:29:28Z,"big band,adult standards,swing music,doo-wop",0.526,0.774,5,-1.692,1,0.0459,0.715,0,0.437,0.715,131.715,4
7nnWIPM5hwE3DaUBkvOIpy,Drive,Make Yourself,Incubus,26-10-1999,232453,77,125771062,2022-09-20T14:38:58Z,"nu metal,funk rock,alternative metal,alternative rock",0.645,0.792,4,-7.34,0,0.036,0.0562,0.0121,0.119,0.666,90.565,4
6zeE5tKyr8Nu882DQhhSQI,Dust in the Wind,Point Of Know Return (Expanded Edition),Kansas,1977,206266,76,125771062,2022-09-20T14:38:58Z,"classic rock,progressive rock,album rock",0.475,0.322,7,-10.687,1,0.0283,0.367,0.00056,0.11,0.387,93.503,4
54JpZ7kVvW7VsMFj8FqY95,Earth Angel,Stubbs The Zombie: The Soundtrack,Death Cab for Cutie,01-01-2005,196453,0,125771062,2022-09-20T14:38:58Z,,0.233,0.645,8,-5.456,1,0.0334,0.237,0.0000239,0.378,0.31,187.281,3
5ylLypaOksxWd75YrGtx2N,Eight Days A Week - Remastered 2015,1 (Remastered),The Beatles,13-11-2000,163320,49,125771062,2022-11-30T04:08:59Z,"classic rock,psychedelic rock",0.636,0.677,9,-5.605,1,0.0316,0.265,0,0.215,0.837,138.707,4
60lMbWaSNuUhwYxG0atyC3,Enjoy the Ride,Dive Deep,Morcheeba,04-02-2008,245160,0,125771062,2022-09-20T14:38:58Z,"trip hop,downtempo",0.552,0.519,5,-10.479,1,0.0265,0.199,0.00924,0.0965,0.459,84.992,4
5IMtdHjJ1OtkxbGe4zfUxQ,Escape (The Pina Colada Song),Partners In Crime,Rupert Holmes,01-01-1979,276493,74,125771062,2022-09-20T14:38:58Z,,0.835,0.509,0,-13.668,1,0.0548,0.469,0.00000411,0.0436,0.949,138.711,4
7cBs6EjIeGQD28QMOC0F2X,Every Breath You Take,The Best 80s Love Songs Album In The World...Ever!,The Police,23-07-2022,251760,0,125771062,2024-02-28T04:28:52Z,,0.823,0.457,1,-9.722,1,0.035,0.537,0.00488,0.0698,0.709,117.392,4
13bJq2QpoHZEUrNWfHgOUu,Every Little Thing She Does Is Magic - Live,Almost Solo in NYC (Live),Eric Hutchinson,07-10-2014,174532,33,125771062,2022-09-20T14:38:58Z,,0.71,0.561,0,-4.974,1,0.0507,0.43,0,0.692,0.827,78.275,4
4T6HLdP6OcAtqC6tGnQelG,Everything,Call Me Irresponsible,Michael Bublé,27-04-2007,212373,70,125771062,2022-09-20T14:38:58Z,christmas,0.686,0.688,6,-4.981,0,0.0254,0.39,0.00000103,0.0924,0.493,123.125,4
1c97hmN3Z064RQZTvCfM84,Everything at Once,Two (Expanded Edition),Lenka,19-04-2011,157600,59,125771062,2022-09-20T14:38:58Z,,0.766,0.466,0,-8.036,1,0.0718,0.332,0.00378,0.379,0.839,145.003,4
52VIdyKqp1pJRSyUQaxKUA,Everything I Own,Baby I'm-a Want You,Bread,1972,187000,70,125771062,2022-09-20T14:38:58Z,soft rock,0.365,0.338,2,-13.406,1,0.0322,0.735,0,0.104,0.446,79.241,4
1prZ0pr6XoRCxcrC3MCL0M,Everywhere,Greatest Hits,Fleetwood Mac,21-11-1988,222733,67,125771062,2023-12-26T16:41:33Z,"classic rock,soft rock",0.69,0.54,4,-10.516,1,0.0317,0.218,0.00657,0.115,0.764,114.846,4
2KH16WveTQWT6KOG9Rg6e2,Eye of the Tiger,Rocky IV,Survivor,1985,245640,75,125771062,2022-09-20T14:38:58Z,,0.817,0.599,0,-9.249,0,0.0328,0.132,0.000311,0.0873,0.548,108.873,4
59eAcAyhYSLi5GKFrgHJzG,Faith,Ladies And Gentlemen... The Best Of George Michael,George Michael,09-11-1998,194493,3,125771062,2022-09-20T14:38:58Z,,0.915,0.497,11,-10.435,1,0.102,0.00547,0.000108,0.067,0.553,95.852,4
1NPElxSLH7jRwR10XL1jwO,Family Tree,Sha Sha,"Ben Kweller,John David Kent,Josh Lattanzi",05-03-2002,260799,26,125771062,2023-07-22T07:02:31Z,"power pop,texas country,red dirt,southern rock",0.666,0.633,4,-7.116,0,0.0282,0.221,0.00000493,0.0502,0.526,108.008,4
0YOOXnCJihgyluizqhAcrz,Fare Thee Well (Dink's Song),Inside Llewyn Davis: Original Soundtrack Recording,"Oscar Isaac,Marcus Mumford",14-02-2014,180400,50,125771062,2022-09-23T09:19:55Z,folk,0.495,0.434,2,-8.079,1,0.0313,0.897,0.000393,0.109,0.23,82.16,4
111i0gGDZQ3NbXdY2dbpet,Feels Like Home,Pour Me a Drink,Edwina Hayes,05-04-2009,254746,41,125771062,2022-09-20T14:38:58Z,,0.456,0.255,3,-9.152,1,0.0309,0.869,0,0.109,0.502,108.303,4
6Qb7gtV6Q4MnUjSbkFcopl,50 Ways to Leave Your Lover,Still Crazy After All These Years,Paul Simon,25-10-1975,217346,74,125771062,2022-09-20T14:51:10Z,singer-songwriter,0.815,0.372,7,-12.814,1,0.0752,0.166,0.000116,0.0767,0.293,101.684,4
1XUKItaRs2494LclJwHhl8,Fire and Rain,Greatest Hits,James Taylor,1976,200579,51,125771062,2022-09-20T14:38:58Z,"folk rock,soft rock,singer-songwriter",0.611,0.35,5,-14.48,1,0.0356,0.499,0.00000784,0.0844,0.36,76.064,4
0eBryM7ePQH3Klt3jz8xZd,First Day of My Life,"I'm Wide Awake, It's Morning",Bright Eyes,25-01-2005,188877,65,125771062,2022-09-20T14:38:58Z,"chamber pop,indie folk",0.596,0.253,1,-14.369,0,0.0349,0.896,0.0000517,0.102,0.368,95.162,4
6oMZhY0f1ReI6AJDDYfuSb,500 Miles,"Peter, Paul and Mary","Peter, Paul and Mary",01-05-1962,162933,51,125771062,2022-09-20T14:38:58Z,"folk,folk rock",0.436,0.0695,7,-19.735,1,0.0298,0.858,0,0.107,0.255,97.128,4
7LVHVU3tWfcxj5aiPFEW4Q,Fix You,X&Y,Coldplay,07-06-2005,295533,85,125771062,2022-09-20T14:38:58Z,,0.209,0.417,3,-8.74,1,0.0338,0.164,0.00196,0.113,0.124,138.178,4
1fEGtTZjrjJW8eUeewnNJR,"Flightless Bird, American Mouth",The Shepherd's Dog,Iron & Wine,25-09-2007,241917,67,125771062,2022-09-20T14:38:58Z,"indie folk,chamber pop,folk",0.369,0.403,3,-7.996,1,0.0259,0.827,0.0541,0.106,0.177,154.899,3
0yLdNVWF3Srea0uzk55zFn,Flowers,Flowers,Miley Cyrus,13-01-2023,200454,26,125771062,2023-05-12T10:18:11Z,,0.707,0.681,0,-4.325,1,0.0668,0.0632,0.00000515,0.0322,0.646,117.999,4
1PVTvvxpSkyJWemW1CwVVk,Fly Me To The Moon,A Man And His Music,Frank Sinatra,1965-12,148866,56,125771062,2022-09-20T14:38:58Z,"christmas,big band,adult standards,swing music,vocal jazz,jazz",0.623,0.274,5,-14.929,1,0.07,0.343,0.00000316,0.0404,0.427,118.052,4
4KoecuyOpZaNFZ0UqVsllc,Follow Me,Double Wide,Uncle Kracker,13-06-2000,218439,71,125771062,2023-12-14T08:09:12Z,,0.817,0.585,5,-4.688,1,0.0301,0.439,0,0.147,0.916,105.014,4
1qRA5BS78u3gME0loMl9AA,For What It's Worth,Buffalo Springfield,Buffalo Springfield,05-12-1966,153693,76,125771062,2022-09-20T14:38:58Z,"folk rock,country rock",0.653,0.519,2,-10.164,1,0.0497,0.406,0.0209,0.101,0.822,98.883,4
2WSTUNo3ZtQLeOkp362tcB,Forever,Pure Fiction,Eric Hutchinson,08-04-2014,219953,19,125771062,2022-09-20T14:38:58Z,,0.571,0.8,4,-6.462,1,0.0306,0.018,0,0.0751,0.518,143.953,4
43R7hb5PbcyDuGGVhztAXL,Free Fallin',The Best Of Everything - The Definitive Career Spanning Hits Collection 1976-2016,Tom Petty,01-03-2019,254546,32,125771062,2022-09-23T06:43:58Z,classic rock,0.553,0.623,5,-7.342,1,0.0258,0.113,0,0.056,0.576,168.627,4
0afhq8XCExXpqazXczTSve,Galway Girl,÷ (Deluxe),Ed Sheeran,03-03-2017,170826,77,125771062,2022-11-29T09:08:24Z,soft pop,0.624,0.876,9,-3.374,1,0.1,0.0735,0,0.327,0.781,99.943,4
11mwFrKvLXCbcVGNxffGyP,Genie In a Bottle,Christina Aguilera (Expanded Edition),Christina Aguilera,1999,217573,78,125771062,2022-11-30T04:12:17Z,,0.633,0.8,1,-6.945,1,0.166,0.209,0.000123,0.137,0.913,175.716,4
5bDrb5U9wtV4tzeiVhw7kO,Get Lucky (feat. Pharrell Williams and Nile Rodgers),New Year's Eve - NYE 2018/2019,"Daft Punk,Pharrell Williams,Nile Rodgers",07-12-2018,369626,17,125771062,2024-02-28T08:23:38Z,"french house,electronic,electro",0.81,0.793,6,-9.404,0,0.0403,0.0378,0.00000177,0.072,0.863,116.05,4
3vkQ5DAB1qQMYO4Mr9zJN6,Gimme! Gimme! Gimme! (A Man After Midnight),Voulez-Vous,ABBA,1979,292613,80,125771062,2022-09-20T14:38:58Z,,0.749,0.491,10,-9.655,1,0.0403,0.02,0.00899,0.159,0.536,119.528,4
7rohDMzsbmSmol7sIZs0Px,Girls Just Wanna Have Fun - Acoustic,Girls Just Wanna Have Fun,The Mayries,14-04-2017,172992,49,125771062,2022-09-23T06:39:09Z,acoustic pop,0.438,0.356,8,-11.448,0,0.0388,0.74,0,0.146,0.356,186.267,4
2TRuBFYZYw0Q7qIVBhqR1T,Give A Little More,Hands All Over (Deluxe),Maroon 5,2010,180293,37,125771062,2022-09-20T14:38:58Z,pop,0.753,0.824,0,-4.301,1,0.0385,0.000937,0.00018,0.141,0.937,117.95,4
4vDBJeeQCbhP9FaPPMsYkY,Give Me One Reason,New Beginning,Tracy Chapman,31-10-1995,268333,70,125771062,2022-12-01T02:18:57Z,,0.608,0.419,11,-10.016,1,0.0331,0.602,0.00000758,0.108,0.602,100.22,4
6ORqU0bHbVCRjXm9AjyHyZ,Good Riddance (Time of Your Life),Nimrod,Green Day,14-10-1997,153466,80,125771062,2022-09-20T14:38:58Z,"punk,pop punk",0.475,0.432,7,-7.844,1,0.0302,0.183,0,0.161,0.648,94.605,4
0zzSZkEfZiZCAldZj8x128,Goodnight Goodbye,Pure Fiction,Eric Hutchinson,08-04-2014,194932,23,125771062,2022-09-20T14:38:59Z,,0.683,0.633,7,-7.064,1,0.0273,0.0192,0.00000111,0.0596,0.597,117.949,4
74jklVKHYTmNMp0baGm6FB,I've Got You Under My Skin,Ultimate Sinatra,Frank Sinatra,17-04-2015,222146,51,125771062,2022-09-20T14:38:59Z,"christmas,big band,adult standards,swing music,vocal jazz,jazz",0.585,0.371,1,-7.398,1,0.0361,0.513,0,0.0957,0.625,127.289,4
6HhRhNhizv18kTfHED0GNA,Grayscale,Bird Heart,Skye Zentz,21-06-2012,168000,0,125771062,2022-11-29T10:29:38Z,,0.539,0.312,7,-7.005,1,0.0258,0.866,0,0.0988,0.316,83.178,4
7xe3EQCvXnx6Q0zs41Y65n,Great Balls of Fire,The Essential Jerry Lee Lewis [The Sun Sessions],Jerry Lee Lewis,10-05-2013,111240,0,125771062,2022-12-01T02:07:56Z,"rockabilly,rock and roll,boogie-woogie",0.592,0.627,10,-10.14,1,0.0662,0.55,0,0.43,0.909,79.567,4
3ou9rSNUQnE7XYmJkUUIOc,Green Eyes,A Rush of Blood to the Head,Coldplay,27-08-2002,223040,64,125771062,2022-09-20T14:38:59Z,,0.607,0.405,9,-8.607,1,0.0265,0.539,0.0000067,0.231,0.233,129.543,4
0gZXockVcE7rEhSf4mcGLO,Guitar Man,Guitar Man,Bread,1972,226213,68,125771062,2022-09-20T14:38:59Z,soft rock,0.553,0.506,4,-13.271,0,0.046,0.144,0.00000378,0.438,0.51,143.278,4
5USZyz6dnBEn1oLsKcAKQy,Hallelujah,Shrek,Rufus Wainwright,01-01-2001,248800,57,125771062,2024-02-25T01:22:03Z,"chamber pop,singer-songwriter",0.344,0.197,9,-7.518,0,0.0321,0.881,0,0.104,0.444,72.609,4
4JehYebiI9JE8sR8MisGVb,Halo,I AM...SASHA FIERCE,Beyoncé,17-11-2008,261640,73,125771062,2022-09-20T14:38:59Z,,0.508,0.72,11,-5.908,0,0.0628,0.272,0,0.0563,0.472,79.983,4
60nZcImufyMA1MKQY3dcCH,Happy - From Despicable Me 2,G I R L,Pharrell Williams,03-03-2014,232720,81,125771062,2023-07-27T16:00:21Z,,0.647,0.822,5,-4.662,0,0.183,0.219,0,0.0908,0.962,160.019,4
4ptonNXwbPtpiPX062ruaM,Havana - No Rap Version,"NOW That's What I Call Music, Vol. 65",Camila Cabello,02-02-2018,174746,33,125771062,2024-02-05T05:52:05Z,pop,0.75,0.495,2,-5.101,1,0.0336,0.225,0.0000313,0.149,0.439,106.019,4
5DnT9a5IM3eMjKgXTWVJvi,Have You Ever Seen The Rain,Pendulum,Creedence Clearwater Revival,07-12-1970,160333,65,125771062,2022-09-20T14:38:59Z,"classic rock,southern rock,country rock",0.743,0.47,0,-13.154,1,0.029,0.0936,0.0000315,0.186,0.89,116.122,4
26QKxvjlCo2fSd3T4c8Zpb,Heart of Gold,Harvest (50th Anniversary Edition),Neil Young,01-02-1972,187110,70,125771062,2024-08-25T01:45:05Z,"classic rock,folk rock,singer-songwriter,roots rock",0.537,0.399,4,-13.547,0,0.0269,0.202,0.0546,0.109,0.832,171.402,4
7Ewz6bJ97vUqk5HdkvguFQ,Heaven,Reckless (30th Anniversary / Deluxe Edition),Bryan Adams,05-11-1984,243360,80,125771062,2023-01-20T12:29:28Z,,0.379,0.589,9,-7.315,0,0.027,0.0473,0,0.122,0.334,140.068,4
0mHyWYXmmCB9iQyK18m3FQ,Hello,Can't Slow Down,Lionel Richie,01-01-1983,251106,57,125771062,2022-09-20T14:38:59Z,motown,0.487,0.246,9,-14.104,0,0.0376,0.414,0,0.0983,0.0562,61.084,4
3NLrRZoMF0Lx6zTlYqeIo4,Here Without You,Away From The Sun,3 Doors Down,12-11-2002,238733,78,125771062,2022-09-20T14:38:59Z,post-grunge,0.557,0.533,10,-6.817,0,0.0252,0.0492,0,0.205,0.233,143.994,4
2dsMRyRc0ZQrICwHfmtCFb,Hero,Greatest Hits,Enrique Iglesias,01-01-2008,264213,9,125771062,2024-02-28T04:30:44Z,"latin pop,latin",0.455,0.616,7,-6.179,1,0.0451,0.152,0.0000376,0.103,0.156,75.356,4
1eT2CjXwFXNx6oY5ydvzKU,Hey Jude,Love,The Beatles,17-11-2006,238854,67,125771062,2022-09-20T14:38:59Z,"classic rock,psychedelic rock",0.462,0.632,5,-7.438,1,0.0248,0.091,0,0.397,0.585,74.268,4
4HlFJV71xXKIGcU3kRyttv,"Hey, Soul Sister","Save Me, San Francisco (Golden Gate Edition)",Train,01-12-2010,216773,82,125771062,2022-09-20T14:38:59Z,soft pop,0.673,0.886,1,-4.44,0,0.0431,0.185,0,0.0826,0.795,97.012,4
4RCWB3V8V0dignt99LZ8vH,Hey There Delilah,All That We Needed,Plain White T's,25-01-2005,232533,77,125771062,2022-09-20T14:38:59Z,,0.658,0.291,2,-10.572,1,0.0292,0.872,0,0.114,0.295,103.962,4
2HoqbEOXgbDSLZ5XCePEXt,Hit the Road Jack,Soul,Ray Charles,04-06-2021,119880,67,125771062,2022-09-20T14:38:59Z,"jazz blues,soul,soul blues,blues,vocal jazz",0.598,0.571,8,-12.616,0,0.139,0.704,0,0.513,0.962,173.141,4
1U1GtaJeYwGsPgqV9Me5bb,Hold You in My Arms,Trouble,Ray LaMontagne,15-08-2004,306200,9,125771062,2023-01-20T12:29:35Z,,0.504,0.321,7,-13.807,1,0.0316,0.149,0.000107,0.147,0.577,170.134,3
4Xl2PrS3DJqqSKXCo6Uhv9,Homeward Bound,"Parsley, Sage, Rosemary And Thyme",Simon & Garfunkel,10-10-1966,149613,63,125771062,2022-09-20T14:38:59Z,"folk rock,folk",0.485,0.378,3,-11.773,1,0.0337,0.831,0,0.103,0.528,92.928,4
40riOy7x9W7GXjyGp4pjAv,Hotel California - 2013 Remaster,Hotel California (2013 Remaster),Eagles,08-12-1976,391376,82,125771062,2024-02-01T04:39:42Z,"classic rock,soft rock",0.579,0.508,2,-9.484,1,0.027,0.00574,0.000494,0.0575,0.609,147.125,4
2JoZzpdeP2G6Csfdq5aLXP,How Deep Is Your Love,Greatest,Bee Gees,01-01-1979,245200,78,125771062,2023-07-07T18:23:47Z,disco,0.633,0.357,5,-9.366,0,0.0264,0.107,0,0.133,0.672,104.938,4
3RiPr603aXAoi4GHyXx0uy,Hymn for the Weekend,A Head Full of Dreams,Coldplay,04-12-2015,258266,83,125771062,2022-09-20T14:38:59Z,,0.491,0.693,0,-6.487,0,0.0377,0.211,0.00000692,0.325,0.412,90.027,4
1PtJclc46wTk367PlsU6Uj,I Have A Dream,Voulez-Vous,ABBA,1979,285413,64,125771062,2022-09-20T14:38:59Z,,0.549,0.374,10,-12.049,1,0.0244,0.6,0,0.178,0.439,104.311,4
3KiexfmhxHvG5IgAElmTkd,I Saw Her Standing There - Remastered 2009,Please Please Me (Remastered),The Beatles,22-03-1963,173946,65,125771062,2022-09-20T14:38:59Z,"classic rock,psychedelic rock",0.491,0.801,4,-9.835,1,0.0361,0.27,0,0.0665,0.971,160.109,4
1Ibz5qZhKUp77UzEXnoosA,I Wanna Dance with Somebody (Who Loves Me),Le 100 Canzoni Di Sempre - Internazionali,Whitney Houston,27-08-2010,288813,12,125771062,2024-02-28T04:46:40Z,,0.701,0.912,1,-5.392,1,0.0501,0.207,0.000111,0.234,0.821,118.82,4
4pbG9SUmWIvsROVLF0zF9s,I Want To Hold Your Hand - Remastered 2015,1 (Remastered),The Beatles,13-11-2000,145746,63,125771062,2022-09-20T15:28:08Z,"classic rock,psychedelic rock",0.49,0.715,7,-5.549,1,0.0476,0.386,0,0.311,0.866,130.726,4
3kZC0ZmFWrEHdUCmUqlvgZ,I Will Follow You into the Dark,Plans,Death Cab for Cutie,29-08-2005,189186,64,125771062,2022-09-20T14:38:59Z,,0.517,0.206,5,-12.233,1,0.0421,0.924,0,0.118,0.489,80.401,4
44CUaeAUvLLgCqslAx1GmU,I Will Survive (The Aretha Version),Aretha Franklin Sings The Great Diva Classics,Aretha Franklin,17-10-2014,271506,30,125771062,2022-09-20T14:38:59Z,"soul,motown,jazz blues",0.619,0.726,9,-6.877,0,0.102,0.014,0,0.375,0.337,123.013,4
53QF56cjZA9RTuuMZDrSA6,I Won't Give Up,Love Is a Four Letter Word (Deluxe Edition),Jason Mraz,13-04-2012,240165,71,125771062,2022-09-20T14:38:59Z,"soft pop,acoustic pop",0.483,0.303,4,-10.058,1,0.0429,0.694,0,0.115,0.139,133.406,3
60fbDTkIN8GvN33VscBGqx,I'd Love to Change the World,The Best of Ten Years After,Ten Years After,28-08-2000,225088,28,125771062,2022-09-20T14:38:59Z,"blues rock,psychedelic rock",0.382,0.476,0,-13.375,1,0.0348,0.324,0.156,0.11,0.391,118.122,4
40W8Mm9t3ZO1iNQlls35lL,If,Manna,Bread,1971,155773,67,125771062,2022-09-20T14:38:59Z,soft rock,0.388,0.176,9,-16.952,1,0.0299,0.912,0.000336,0.0977,0.342,97.628,4
3XVBdLihbNbxUwZosxcGuJ,If I Ain't Got You,The Diary Of Alicia Keys,Alicia Keys,02-12-2003,228706,80,125771062,2022-10-01T17:44:20Z,"r&b,neo soul",0.609,0.444,7,-9.129,1,0.106,0.603,0.00000686,0.104,0.166,118.402,3
4AaCr2lbXtxJQRpSpObAqe,If I Had a Hammer,Around the Campfire,"Peter, Paul and Mary",17-04-1998,130626,10,125771062,2022-09-20T14:38:59Z,"folk,folk rock",0.471,0.387,9,-9.298,1,0.0316,0.269,0,0.337,0.512,89.692,4
5FC0XyIOkvY1h5bo9t44TL,I'll Be There for You (From Friends),Friends - I'll Be There For You,The Rembrandts,2011,181666,0,125771062,2022-09-20T14:38:59Z,,0.291,0.712,9,-7.637,1,0.0471,0.0364,0.0000126,0.136,0.746,190.719,4
4t8tx6o7oM6Ax66ZUU361y,I'll Have To Say I Love You In A Song,I Got a Name,Jim Croce,01-12-1973,154626,1,125771062,2022-09-20T14:38:59Z,"folk rock,singer-songwriter",0.536,0.446,9,-14.98,1,0.029,0.833,0.0103,0.106,0.707,133.785,4
1CSLeVCXmetBh8IkTPMFdL,I'm a Believer,The Best of The Monkees,The Monkees,01-07-2008,165613,56,125771062,2022-09-20T14:38:59Z,,0.502,0.772,0,-6.205,1,0.0322,0.595,0.00000247,0.199,0.935,79.463,4
1EzrEOXmMH3G43AXT1y7pA,I'm Yours,We Sing. We Dance. We Steal Things.,Jason Mraz,12-05-2008,242946,76,125771062,2022-09-20T14:38:59Z,"soft pop,acoustic pop",0.703,0.444,11,-9.331,1,0.0417,0.559,0,0.0973,0.712,150.96,4
3KfbEIOC7YIv90FIfNSZpo,In My Life - Remastered 2009,Rubber Soul (Remastered 2009),The Beatles,03-12-1965,146333,76,125771062,2023-07-23T10:38:12Z,"classic rock,psychedelic rock",0.688,0.435,9,-11.359,1,0.0323,0.449,0,0.113,0.435,103.239,4
3RNyGLgSvmVRZ7xKUp8Wgd,In the Summertime,In the Summertime,Mungo Jerry,01-01-1970,215800,4,125771062,2022-09-20T14:38:59Z,,0.642,0.65,4,-8.567,1,0.0623,0.66,0,0.14,0.973,164.421,4
2cGxRwrMyEAp8dEbuZaVv6,Instant Crush (feat. Julian Casablancas),Random Access Memories,"Daft Punk,Julian Casablancas",20-05-2013,337560,77,125771062,2022-09-20T14:38:59Z,"french house,electronic,electro",0.775,0.585,10,-9.516,0,0.0271,0.0422,0.619,0.077,0.518,109.942,4
6Qyc6fS4DsZjB2mRW9DsQs,Iris,Dizzy up the Girl,The Goo Goo Dolls,1998,289533,88,125771062,2024-03-27T16:40:51Z,,0.315,0.715,11,-8.072,0,0.0362,0.00125,0.00000797,0.0942,0.497,155.925,3
2oSpQ7QtIKTNFfA08Cy0ku,It's The End Of The World As We Know It (And I Feel Fine),Document (R.E.M. No. 5),R.E.M.,01-09-1987,246933,67,125771062,2022-09-20T14:38:59Z,"jangle pop,alternative rock,rock",0.381,0.894,7,-8.638,1,0.037,0.0258,0,0.0251,0.797,205.528,4
4MO4IrAvsZu1aSlAVnYxWb,Jailhouse Rock,The Essential Elvis Presley,Elvis Presley,2007,154586,36,125771062,2023-05-12T13:00:46Z,"rockabilly,rock and roll",0.664,0.664,10,-6.802,0,0.0694,0.322,0.00000364,0.076,0.883,166.85,4
0HZhYMZOcUzZKSFwPOti6m,jar of hearts,lovestrong.,Christina Perri,10-05-2011,246587,72,125771062,2022-09-20T14:38:59Z,soft pop,0.349,0.348,3,-6.142,1,0.0316,0.726,0,0.12,0.0886,74.541,4
2QfiRTz5Yc8DdShCxG1tB2,Johnny B. Goode,Berry Is On Top,Chuck Berry,01-07-1959,161560,74,125771062,2022-10-13T09:03:01Z,"rockabilly,rock and roll",0.534,0.803,10,-9.129,1,0.0743,0.741,0.0000607,0.307,0.969,167.983,4
2SpEHTbUuebeLkgs9QB7Ue,Jolene,Jolene,Dolly Parton,04-02-1974,161533,71,125771062,2022-09-20T14:38:59Z,country,0.674,0.537,1,-10.971,0,0.0363,0.566,0,0.131,0.809,110.578,4
1mKXFLRA179hdOWQBwUk9e,Just Give Me a Reason (feat. Nate Ruess),The Truth About Love,"P!nk,Nate Ruess",18-09-2012,242733,82,125771062,2022-09-20T14:38:59Z,,0.778,0.547,2,-7.273,1,0.0489,0.344,0.000306,0.132,0.442,95,4
5Sg1MgUVDNaPoWsKzbjUNi,Just The Two Of Us,Just The Two Of Us,"Cyrille Aimee,Diego Figueiredo",17-11-2010,301026,41,125771062,2023-05-22T14:40:27Z,"french jazz,vocal jazz,jazz,brazilian jazz",0.707,0.315,8,-6.633,1,0.0505,0.911,0.0000135,0.112,0.496,95.505,4
7BqBn9nzAq8spo5e7cZ0dJ,Just the Way You Are,Doo-Wops & Hooligans,Bruno Mars,11-05-2010,220734,86,125771062,2023-05-22T14:37:45Z,,0.635,0.841,5,-5.379,1,0.0422,0.0134,0,0.0622,0.424,109.021,4
6GHtyusLtbFDJuFZ8j9Yju,Killing Me Softly,A Thousand Dreams,Lori Lieberman,01-01-1995,223800,33,125771062,2022-09-20T14:38:59Z,,0.509,0.0223,5,-24.684,0,0.0369,0.969,0,0.112,0.259,100.248,4
3XG7bMVcMWLIn2k9jLAaAt,King Of The Road,Golden Hits,Roger Miller,01-01-1965,147306,60,125771062,2022-09-20T14:38:59Z,,0.67,0.272,11,-13.699,1,0.0704,0.717,0,0.178,0.613,117.996,4
754kgU5rWscRTfvlsuEwFp,Kiss Me,Sixpence None the Richer,Sixpence None The Richer,22-11-1997,208680,82,125771062,2022-09-20T14:38:59Z,,0.526,0.749,3,-6.964,1,0.0283,0.023,0.00000176,0.0692,0.421,99.982,4
6r8k1vznHrzlEKYxL4dZEe,La Isla Bonita,True Blue,Madonna,30-06-1986,242733,72,125771062,2022-09-20T14:38:59Z,,0.724,0.822,1,-4.374,0,0.0333,0.304,0.0000138,0.0553,0.964,99.9,4
1GJCQMFysvt2S9WXSBaWYP,La vie en rose,The Decca Singles 1949-1958,Louis Armstrong,01-01-2016,205346,43,125771062,2022-09-20T14:38:59Z,"jazz,swing music,big band,vocal jazz,jazz blues",0.58,0.0727,0,-12.082,1,0.0551,0.894,0.00122,0.0628,0.311,70.643,4
0e4os6wHr1jbFn4yPtSEOe,Layla,Eric Clapton's Rainbow Concert,"Eric Clapton,Jon Astley,Andy Macpherson",1973,385637,39,125771062,2022-09-20T14:38:59Z,"blues,blues rock,classic rock",0.488,0.676,0,-10.61,1,0.0348,0.174,0.0262,0.96,0.539,115.519,4
0hS2EF1YErlHBS5c97iGxi,Leaving on a Jet Plane,Rhymes & Reasons,John Denver,14-10-1969,217026,48,125771062,2022-09-20T14:38:59Z,folk,0.486,0.279,7,-12.263,1,0.0307,0.676,0,0.141,0.469,132.939,4
4fXGWiVhlOLdhwRDP6pIFG,Lemon Tree,Dish Of The Day,Fools Garden,01-01-1995,191026,3,125771062,2022-09-20T14:38:59Z,,0.663,0.475,1,-8.834,1,0.0417,0.643,0,0.122,0.644,143.175,4
1KxwZYyzWNyZSRyErj2ojT,Let Her Go,All The Little Lights,Passenger,28-08-2012,252733,73,125771062,2022-09-20T14:38:59Z,folk pop,0.479,0.545,7,-7.346,1,0.0688,0.365,0,0.0963,0.243,74.897,4
39LLxExYz6ewLAcYrzQQyP,Levitating,Future Nostalgia,Dua Lipa,27-03-2020,203807,75,125771062,2024-02-05T06:22:06Z,pop,0.695,0.884,6,-2.278,0,0.0753,0.0561,0,0.213,0.914,103.014,4
2YlZnw2ikdb837oKMKjBkW,Like I'm Gonna Lose You (feat. John Legend),Title (Deluxe),"Meghan Trainor,John Legend",09-01-2015,225053,79,125771062,2022-09-20T14:38:59Z,"soft pop,neo soul",0.63,0.53,0,-7.259,1,0.0434,0.4,0,0.177,0.417,108.038,3
1tY8PhIOqDTx1GHDEhSuxh,Lipstick On Your Collar,The Collection,Connie Francis,01-01-1996,136573,36,125771062,2023-07-01T09:42:55Z,schlager,0.526,0.931,7,-6.723,1,0.0526,0.342,0.0000991,0.271,0.929,165.365,4
2OqzR7I7GF19T2qPrbmYQC,Living Doll,Radio Gold - Cliff Richard And The Shadows,Cliff Richard & The Shadows,20-07-2017,156793,40,125771062,2023-07-01T09:36:54Z,,0.599,0.481,9,-7.412,1,0.0467,0.501,0,0.0982,0.772,62.573,4
1VMBapbhHidf6ALFszT7w1,Lonely,Mercury - Acts 1 & 2,Imagine Dragons,01-07-2022,159851,65,125771062,2022-09-20T14:38:59Z,,0.714,0.73,0,-5.564,1,0.0438,0.0256,0,0.177,0.873,97.983,4
5nZax8mmBCb4UYnW6ibvTb,"Lonely Stranger - Acoustic; Live at MTV Unplugged, Bray Film Studios, Windsor, England, UK, 1/16/1992; 2013 Remaster",Unplugged (Deluxe Edition),Eric Clapton,25-08-1992,327760,0,125771062,2022-10-12T15:56:43Z,"blues,blues rock,classic rock",0.739,0.473,4,-12.629,1,0.0322,0.524,0.00534,0.958,0.587,75.288,4
2BH2OuQBy2NSPf6rzfzold,Long Goodbyes,Up Too Late,Kurt Hunter,08-06-2009,232666,1,125771062,2022-09-20T14:38:59Z,,0.685,0.424,2,-9.616,1,0.0289,0.591,0,0.128,0.638,100.308,4
4nXkbcTj3nyww1cHkw5RAP,Long Train Runnin',The Captain and Me,The Doobie Brothers,1973,207266,74,125771062,2022-09-20T14:38:59Z,"classic rock,soft rock,southern rock",0.575,0.912,7,-7.275,0,0.0393,0.0916,0.00211,0.0562,0.843,117.399,4
31AOj9sFz2gM0O3hMARRBx,Losing My Religion,Out Of Time (25th Anniversary Edition),R.E.M.,12-03-1991,268426,83,125771062,2022-09-20T14:38:59Z,"jangle pop,alternative rock,rock",0.666,0.855,9,-5.051,0,0.0295,0.179,0.0000012,0.0987,0.803,125.639,4
2LIh4uzqq9cXMPzzmcToHl,Lost on You,Lost on You,LP,05-05-2017,268105,4,125771062,2022-09-20T14:38:59Z,,0.433,0.724,5,-6.126,0,0.0372,0.1,0,0.0918,0.689,174.006,4
1vrd6UOGamcKNGnSHJQlSt,Love Story,Fearless,Taylor Swift,11-11-2008,235266,63,125771062,2023-07-26T06:19:52Z,,0.618,0.741,2,-3.95,1,0.031,0.17,0,0.0822,0.296,118.984,4
0laYHRpNTS6i8FXdupHkJ4,Love You Like A Love Song,When The Sun Goes Down,Selena Gomez & The Scene,01-01-2011,188453,80,125771062,2022-10-13T06:20:45Z,,0.858,0.678,1,-3.87,0,0.0469,0.0761,0,0.0741,0.922,117.009,4
50kpGaPAhYJ3sGmk6vplg0,Love Yourself,Purpose (Deluxe),Justin Bieber,13-11-2015,233720,83,125771062,2022-09-20T14:38:59Z,,0.609,0.378,4,-9.828,1,0.438,0.835,0,0.28,0.515,100.43,4
6NUr2TMn5nsaerT4tuHpFb,Lover of the Light,Babel (Deluxe Version),Mumford & Sons,25-09-2012,314893,4,125771062,2023-01-24T14:50:25Z,"folk,indie folk,folk rock",0.308,0.689,2,-6.854,1,0.0502,0.00763,0.000562,0.225,0.384,105.833,4
0IktbUcnAGrvD03AWnz3Q8,Lucky,We Sing. We Dance. We Steal Things.,"Jason Mraz,Colbie Caillat",12-05-2008,189613,67,125771062,2022-09-20T14:38:59Z,"soft pop,acoustic pop",0.625,0.414,0,-8.7,1,0.0369,0.294,0,0.151,0.669,130.088,4
4xHXqIwdjXRYJvwT8HNByt,Lucky Lips,40 Golden Greats,Cliff Richard & The Shadows,1977,163840,35,125771062,2022-09-20T14:38:59Z,,0.686,0.481,4,-12.25,1,0.045,0.793,0,0.216,0.902,144.862,4
5FgPwJ7Nh2FVmIXviKl2VF,Make You Feel My Love,19,Adele,28-01-2008,212040,71,125771062,2022-09-20T14:38:59Z,soft pop,0.317,0.172,10,-10.636,1,0.0326,0.907,0.000383,0.105,0.0963,65.18,3
2TxCwUlqaOH3TIyJqGgR91,Mamma Mia,Abba,ABBA,1975,213266,77,125771062,2022-09-20T14:38:59Z,,0.749,0.748,2,-7.011,1,0.0323,0.295,0.000443,0.469,0.827,137.547,4
567UAkWoLBqZ709s3Qcbze,Maria Maria (feat. The Product G&B),Supernatural (Legacy Edition),"Santana,The Product G&B",1999,261973,66,125771062,2022-09-20T15:33:09Z,,0.777,0.601,2,-5.931,1,0.126,0.0406,0.00201,0.0348,0.68,97.911,4
3dmqIB2Qxe2XZobw9gXxJ6,Mary Jane's Last Dance,Greatest Hits,Tom Petty and the Heartbreakers,20-05-2008,273600,74,125771062,2022-09-20T14:39:00Z,classic rock,0.464,0.654,7,-9.058,0,0.0608,0.0276,0.00000134,0.328,0.53,169.512,4
3Qu88IYwuDpUQNi6UwJsDz,Mi chico latino,Schizophonic,Geri Halliwell,07-06-1999,193466,42,125771062,2022-09-20T14:39:00Z,,0.631,0.913,0,-6.076,0,0.133,0.491,0,0.379,0.684,102.011,4
5By7Pzgl6TMuVJG168VWzS,Michelle - Remastered 2009,Rubber Soul (Remastered 2009),The Beatles,03-12-1965,162373,65,125771062,2022-09-20T14:39:00Z,"classic rock,psychedelic rock",0.578,0.29,5,-12.501,0,0.0341,0.652,0,0.105,0.666,117.403,4
3lKN03PDeBnXZS7sDukRBt,"Money, Money, Money",Arrival,ABBA,1976,186426,69,125771062,2022-09-20T14:39:00Z,,0.787,0.704,9,-6.873,0,0.0385,0.535,0.00305,0.089,0.646,120.701,4
1XwAKjAZ1xDZOcuyZoqce4,Moon River (From Breakfast at Tiffany's) [Remastered],Moon River (Breakfast at Tiffany's) [Remastered],Audrey Hepburn,11-07-2014,123160,58,125771062,2024-01-17T04:40:40Z,,0.381,0.0251,10,-19.128,1,0.0327,0.935,0.00109,0.099,0.173,85.968,3
3g815ZTHx784EBVvzpiHfv,More Than a Friend - 2002 Remaster,19 Love Ballads,Michael Learns To Rock,2002,223440,20,125771062,2022-09-20T14:39:00Z,,0.733,0.668,9,-5.741,1,0.0339,0.267,0,0.0623,0.84,92.995,4
72AP0jERH6lLf6vd32WcDJ,More Than I Can Say,Living In A Fantasy,Leo Sayer,1980,221040,53,125771062,2023-05-12T09:43:26Z,soft rock,0.722,0.538,10,-11.163,1,0.0235,0.185,0.000219,0.266,0.682,96.418,4
1gVgkQFOKa8Wc1HYsJtPdH,More Than Words,Extreme II - Pornograffitti,Extreme,01-01-1990,334106,76,125771062,2022-09-20T14:39:00Z,glam metal,0.626,0.134,6,-14.898,1,0.0298,0.467,0,0.113,0.239,91.893,4
7LcfRTgAVTs5pQGEQgUEzN,Moves Like Jagger - Studio Recording From The Voice Performance,Hands All Over,"Maroon 5,Christina Aguilera",2010,201160,71,125771062,2024-02-28T09:05:55Z,pop,0.722,0.758,11,-4.477,0,0.0471,0.0111,0,0.308,0.62,128.047,4
2RlgNHKcydI9sayD2Df2xp,Mr. Blue Sky,Out of the Blue,Electric Light Orchestra,1977,303373,77,125771062,2022-09-20T14:39:00Z,"symphonic rock,art rock",0.388,0.338,10,-10.054,1,0.0329,0.652,0.00000373,0.248,0.478,177.765,4
003vvx7Niy0yvhvHt4a68B,Mr. Brightside,Hot Fuss,The Killers,2004,222973,86,125771062,2022-09-20T14:39:00Z,alternative rock,0.352,0.911,1,-5.23,1,0.0747,0.00121,0,0.0995,0.236,148.033,4
5p0ietGkLNEqx1Z7ijkw5g,My Love,Coast To Coast (Expanded Edition),Westlife,2000,231760,69,125771062,2022-09-20T14:39:00Z,,0.491,0.593,0,-5.975,1,0.0255,0.098,0,0.257,0.328,144.142,4
19Shlms2uTnOjIUg50TXzd,Never Going Back Again - 2004 Remaster,Rumours (Super Deluxe),Fleetwood Mac,04-02-1977,134400,69,125771062,2023-12-30T13:09:58Z,"classic rock,soft rock",0.654,0.336,6,-12.825,1,0.0379,0.858,0.385,0.0786,0.947,176.083,4
4T6FWA703h6H7zk1FoSARw,New Light,Sob Rock,John Mayer,16-07-2021,217426,74,125771062,2022-12-27T15:18:38Z,singer-songwriter,0.826,0.694,7,-7.862,1,0.0315,0.316,0.0285,0.074,0.852,123.932,4
265Anh9hGoozFigjUVLUeD,New Shoes,These Streets,Paolo Nutini,30-01-2007,203653,63,125771062,2022-09-20T14:39:00Z,,0.748,0.735,8,-8.692,1,0.0903,0.47,0.0000109,0.0851,0.854,150.04,4
5w1ingzqrsJka9nlnEFB64,Nights In White Satin,Nights In White Satin,The Moody Blues,19-05-2017,264997,56,125771062,2022-09-20T14:39:00Z,"progressive rock,symphonic rock,art rock,blues,baroque pop,psychedelic rock",0.19,0.344,4,-12.064,0,0.0309,0.252,0.327,0.194,0.218,156.888,3
1H7gMYGykdtwZOV6s1N0by,Norwegian Wood (This Bird Has Flown) - Remastered 2009,Rubber Soul (Remastered 2009),The Beatles,03-12-1965,124693,68,125771062,2022-11-30T04:10:30Z,"classic rock,psychedelic rock",0.425,0.369,4,-11.876,1,0.0379,0.183,0.00126,0.112,0.65,176.625,3
2nLtzopw4rPReszdYBJU6h,Numb,Meteora,Linkin Park,25-03-2003,187520,86,125771062,2022-09-20T14:39:00Z,"nu metal,rap metal,rock,alternative metal",0.488,0.87,6,-4.185,0,0.0421,0.00353,0,0.484,0.211,110.072,4
36YNa8joLwu9yor2TkZbIY,Objection (Tango),Laundry Service,Shakira,13-11-2001,222533,54,125771062,2022-09-20T14:39:00Z,"latin pop,latin",0.602,0.864,11,-5.282,0,0.0661,0.0149,0,0.0246,0.71,179.391,4
5zvOXJrzzUlvXwyuwZ0toZ,Oh! Carol,Rock with Sedaka (Expanded Edition),Neil Sedaka,12-06-1959,135466,58,125771062,2022-09-20T14:39:00Z,"doo-wop,adult standards",0.728,0.734,11,-3.234,1,0.0318,0.63,0.0000356,0.137,0.965,135.078,4
3BcQFPRZuuUClWStz29WjN,Old Yellow Bricks,Favourite Worst Nightmare (Standard Version),Arctic Monkeys,24-04-2007,187133,57,125771062,2022-09-20T14:39:00Z,"indie,garage rock",0.663,0.839,0,-4.453,1,0.0695,0.000185,0.00000465,0.0808,0.75,135.155,4
3G69vJMWsX6ZohTykad2AU,One,Achtung Baby (Deluxe Edition),U2,18-11-1991,276186,75,125771062,2023-06-22T16:40:08Z,rock,0.392,0.534,0,-8.793,1,0.0369,0.245,0.00104,0.155,0.325,181.305,4
2W5acFzXf5FrktecuD30Or,One Love,One Love,Blue,2002,207186,64,125771062,2022-09-20T14:39:00Z,,0.683,0.722,8,-4.039,0,0.0358,0.0243,0.000042,0.35,0.854,95.012,4
1xNmF1Uep5OGutizZSbKvd,One Of Us,Relish,Joan Osborne,01-01-1995,320466,66,125771062,2023-07-12T16:41:23Z,,0.316,0.499,9,-7.899,1,0.0298,0.0108,0.0000181,0.126,0.403,174.782,4
62ke5zFUJN6RvtXZgVH0F8,Only Love Can Hurt Like This,A Perfect Contradiction (Outsiders' Expanded Edition),Paloma Faith,10-03-2014,232893,76,125771062,2022-09-20T14:39:00Z,,0.566,0.885,8,-4.528,1,0.0818,0.0958,0.0000997,0.334,0.304,90.99,4
0B0kgEDcAmf4MDEEYStnpW,Open Book (feat. Mauli Dave),TV Dinners,"Mikey McCleary,Mauli Dave",23-07-2014,182729,9,125771062,2022-09-20T14:39:00Z,indian indie,0.556,0.362,9,-9.328,0,0.0429,0.944,0.00123,0.113,0.446,77.76,4
3NJzkMApQqAudLSgYb5Bz2,Operator (That's Not the Way It Feels),You Don't Mess Around With Jim,Jim Croce,01-04-1972,230213,0,125771062,2022-09-20T18:13:44Z,"folk rock,singer-songwriter",0.687,0.453,7,-11.649,1,0.0335,0.765,0.00000849,0.0897,0.83,129.987,4
0CdsYCCygXgNYk7l1ULMht,Paper Roses,"Grand Old Country, Vol. 4",Anita Bryant,01-01-1974,171301,33,125771062,2022-09-20T14:39:00Z,adult standards,0.35,0.124,7,-18.923,1,0.0339,0.902,0.0000207,0.134,0.32,117.169,4
6nek1Nin9q48AVZcWs9e9D,Paradise,Mylo Xyloto,Coldplay,24-10-2011,278719,83,125771062,2022-09-20T14:39:00Z,,0.449,0.585,5,-6.761,1,0.0268,0.0509,0.0000875,0.0833,0.212,139.631,4
0Dm43YLUlGdePpSbI1ct8h,Part-Time Lover,In Square Circle,Stevie Wonder,13-09-1985,252560,70,125771062,2022-09-20T14:39:00Z,"motown,soul",0.662,0.624,10,-13.606,0,0.0417,0.165,0,0.0674,0.961,174.513,4
0tgVpDi06FyKpA1z0VMD4v,Perfect,÷ (Deluxe),Ed Sheeran,03-03-2017,263400,87,125771062,2022-10-13T06:18:32Z,soft pop,0.599,0.448,8,-6.312,1,0.0232,0.163,0,0.106,0.168,95.05,3
25P9qtKtJUQXcWjM4zQfA5,Photographs And Memories,Photographs & Memories: His Greatest Hits,Jim Croce,26-09-1974,128000,0,125771062,2022-09-20T14:39:00Z,"folk rock,singer-songwriter",0.583,0.23,7,-14.728,1,0.037,0.646,0.0000434,0.186,0.488,122.96,4
70C4NyhjD5OZUMzvWZ3njJ,Piano Man,Piano Man (Legacy Edition),Billy Joel,07-11-1973,339000,78,125771062,2022-09-20T14:39:00Z,soft rock,0.331,0.55,0,-6.483,1,0.0272,0.605,0.00000396,0.192,0.429,177.734,3
6c9Zgl3NolMeAPJnW779eM,Poetry in Motion,Greatest Hits - Original Recordings,Johnny Tillotson,22-04-2014,154466,0,125771062,2022-09-20T14:39:00Z,doo-wop,0.485,0.706,8,-7.387,1,0.0319,0.392,0,0.0991,0.912,135.255,4
52HAHV1j93s5B8GoTNI7DJ,"Oh, Pretty Woman",The Essential Roy Orbison,Roy Orbison,28-03-2006,176933,65,125771062,2022-09-20T14:39:00Z,rockabilly,0.609,0.584,9,-9.734,1,0.0353,0.725,0,0.0854,0.954,127.306,4
264Iu7TFoRzdFpGcmFc884,Pretty World,Sergio Mendes & Brasil ’66-86: Classics Volume 18,Sergio Mendes & Brasil '66,01-01-1987,196666,19,125771062,2022-09-20T14:39:00Z,"bossa nova,brazilian jazz,latin jazz",0.621,0.377,5,-16.211,1,0.0319,0.712,0,0.185,0.885,122.105,4
5mvKuE9Lf9ARVXVXA32kK9,Price Tag,Who You Are (Platinum Edition),"Jessie J,B.o.B",01-01-2011,223053,61,125771062,2022-09-20T14:39:00Z,,0.637,0.832,5,-3.945,1,0.183,0.0282,0.00000347,0.277,0.68,175.011,4
03MOcbkkoNLjP0G91iODSB,Quando Quando Quando,A Man Without Love,Engelbert Humperdinck,03-08-1968,201440,61,125771062,2022-09-20T14:39:00Z,,0.366,0.589,0,-8.956,1,0.0333,0.251,0.00000115,0.0791,0.84,175.935,4
4Ylqc711Eq763XbTAOABu3,"Que Sera Sera (Whatever Will Be, Will Be) [From The Man Who Knew Too Much] (with Frank DeVol & His Orchestra)",Doris Day - Her Greatest Songs,"Doris Day,Frank DeVol & His Orchestra",10-04-2020,124880,50,125771062,2022-09-20T14:45:13Z,"adult standards,big band",0.4,0.422,9,-9.16,1,0.0379,0.855,0,0.722,0.743,175.838,4
7a9uRVfAZn74qHOFbQEiHN,Raindrops Keep Falling on My Head - Rerecorded,The Best of B. J. Thomas (Rerecorded),B.J. Thomas,01-01-2011,179080,0,125771062,2023-05-12T09:42:09Z,,0.545,0.495,5,-8.369,1,0.0607,0.868,0.0151,0.197,0.731,106.9,4
5jkFvD4UJrmdoezzT1FRoP,Rasputin,Nightflight to Venus,Boney M.,1978,351573,63,125771062,2022-09-20T14:39:00Z,disco,0.639,0.893,9,-6.509,1,0.036,0.289,0.00816,0.222,0.966,126.143,4
6MDTpYxPFL0wtFd0pjfKws,Rhythm Of Love,Wonders Of The Younger,Plain White T's,01-01-2010,200200,58,125771062,2022-09-20T14:39:00Z,,0.531,0.542,8,-7.721,1,0.0432,0.356,0,0.119,0.726,171.878,4
6YffUZJ2R06kyxyK6onezL,Ring of Fire,Ring Of Fire: The Best Of Johnny Cash,Johnny Cash,06-08-1963,158426,68,125771062,2022-09-20T14:39:00Z,country,0.659,0.585,7,-8.189,1,0.0288,0.623,0.000213,0.348,0.784,104.111,4
747oKsJuqrbYtvEDPp8xiW,Rock & Roll,Rock'n Roll,Eric Hutchinson,17-05-2018,240360,11,125771062,2022-09-20T14:39:00Z,,0.462,0.789,10,-4.147,1,0.0795,0.054,0,0.742,0.902,200.929,4
4Ed0yjbAZDmwuYnVoYXzDB,Rockabye,New Year’s Eve: 100 Uplifting Songs,"Clean Bandit,Anne-Marie,Sean Paul",19-12-2020,250456,48,125771062,2022-09-20T14:39:00Z,dancehall,0.724,0.759,9,-3.996,0,0.0544,0.411,0,0.437,0.765,101.943,4
3gdewACMIVMEWVbyb8O9sY,"Rocket Man (I Think It's Going To Be A Long, Long Time)",Honky Chateau,Elton John,19-05-1972,281613,81,125771062,2024-01-20T14:03:27Z,,0.601,0.532,10,-9.119,1,0.0286,0.433,0.00000595,0.0925,0.342,136.576,4
6n9yCXvLhnYMgJIiIcMu7D,Rockstar,All the Right Reasons (Special Edition),Nickelback,26-09-2005,252040,64,125771062,2022-09-20T14:39:01Z,"post-grunge,rock",0.616,0.91,0,-3.004,1,0.0386,0.0459,0,0.343,0.693,144.072,4
1c8gk2PeTE04A1pIDH9YMk,Rolling in the Deep,21,Adele,24-01-2011,228093,77,125771062,2022-09-20T14:39:01Z,soft pop,0.73,0.769,8,-5.114,1,0.0298,0.138,0,0.0473,0.507,104.948,4
2dLLR6qlu5UJ5gk0dKz0h3,Royals,Pure Heroine,Lorde,27-09-2013,190185,76,125771062,2022-09-20T14:39:01Z,,0.674,0.426,7,-9.504,1,0.122,0.12,0,0.132,0.337,84.876,4
5PYEBQrRHWoMuRr5Ers9vR,Sad Movies Make Me Cry,Essential Sue Thompson,Sue Thompson,08-12-2011,199346,37,125771062,2022-09-20T14:39:01Z,,0.61,0.272,2,-10.071,1,0.0286,0.888,0.00000711,0.245,0.608,107.116,4
0TK2YIli7K1leLovkQiNik,Señorita,Señorita,"Shawn Mendes,Camila Cabello",21-06-2019,190960,76,125771062,2024-02-05T05:52:21Z,pop,0.759,0.54,9,-6.039,0,0.0287,0.037,0,0.0945,0.75,116.947,4
2grjqo0Frpf2okIBiifQKs,September,"The Best Of Earth, Wind & Fire Vol. 1","Earth, Wind & Fire",23-11-1978,215093,73,125771062,2022-09-20T14:39:01Z,disco,0.697,0.832,9,-7.264,1,0.0298,0.168,0.00131,0.269,0.979,125.926,4
3dPQuX8Gs42Y7b454ybpMR,Seven Nation Army,Elephant,The White Stripes,01-04-2003,232106,82,125771062,2022-09-20T14:39:01Z,"garage rock,blues rock,rock,alternative rock",0.743,0.446,4,-7.807,0,0.0683,0.0039,0.118,0.337,0.278,123.596,4
6CKoWCWAqEVWVjpeoJXyNH,Shape Of My Heart,Ten Summoner's Tales,Sting,01-03-1993,279226,74,125771062,2023-07-24T02:00:01Z,soft rock,0.537,0.372,6,-10.08,0,0.0331,0.693,0.00107,0.083,0.244,83.94,4
41vhG2EdqWXVeeuZTzO8aE,She Bangs - English Edit,Happiness Forever,Ricky Martin,10-04-2018,242973,21,125771062,2022-09-20T14:39:01Z,"latin pop,latin",0.635,0.943,1,-4.645,1,0.076,0.000705,0.00000823,0.263,0.906,143.841,4
6wH485H4wsmKWCZSDs3eCW,She Said,The Defamation of Strickland Banks,Plan B,12-04-2010,208853,31,125771062,2022-09-20T14:39:01Z,,0.719,0.538,3,-5.85,0,0.141,0.301,0.00000303,0.144,0.816,147.011,4
7sapKrjDij2fpDVj0GxP66,She Will Be Loved,Songs About Jane,Maroon 5,25-06-2002,257133,72,125771062,2022-09-20T14:39:01Z,pop,0.706,0.713,0,-5.512,0,0.0301,0.0596,0,0.132,0.544,102.032,4
4ofwffwvvnbSkrMSCKQDaC,Shotgun,Staying at Tamara's,George Ezra,23-03-2018,201287,77,125771062,2023-07-12T15:51:22Z,,0.673,0.735,5,-4.733,1,0.0457,0.286,0,0.242,0.754,115.744,4
1KFuLRUmWf0irn0CLclT2X,Simply the Best (From Schitt's Creek),Simply the Best (From Schitt's Creek),Noah Reid,28-02-2018,177918,51,125771062,2022-09-20T14:39:01Z,,0.441,0.138,11,-12.136,1,0.0352,0.93,0.00023,0.105,0.119,85.492,4
6VObnIkLVruX4UVyxWhlqm,Skyfall,Skyfall,Adele,04-10-2012,286480,84,125771062,2022-09-20T14:39:01Z,soft pop,0.346,0.552,0,-6.864,0,0.0282,0.417,0,0.114,0.0789,75.881,4
5ghIJDpPoe3CfHMGu71E6T,Smells Like Teen Spirit,Nevermind (Remastered),Nirvana,26-09-1991,301920,78,125771062,2024-06-17T13:30:26Z,"grunge,rock",0.502,0.912,1,-4.556,1,0.0564,0.0000255,0.000173,0.106,0.72,116.761,4
0n2SEXB2qoRQg171q7XqeW,Smooth (feat. Rob Thomas),Supernatural (Remastered),"Santana,Rob Thomas",15-06-1999,294986,68,125771062,2022-09-20T14:39:01Z,,0.609,0.923,9,-3.908,1,0.0338,0.16,0.00000473,0.295,0.961,115.996,4
1Hv1VTm8zeOeybub15mA2R,Smooth Operator - Single Version,The Best of Sade,Sade,31-10-1994,258693,80,125771062,2023-07-23T12:53:51Z,,0.734,0.58,9,-6.619,0,0.0321,0.238,0.0006,0.0298,0.962,119.336,4
2aibwv5hGXSgw7Yru8IYTO,Snow (Hey Oh),Stadium Arcadium,Red Hot Chili Peppers,09-05-2006,334666,78,125771062,2022-09-20T14:39:01Z,"funk rock,alternative rock,rock",0.427,0.9,11,-3.674,1,0.0499,0.116,0.0000175,0.119,0.599,104.655,4
4wCmqSrbyCgxEXROQE6vtV,Somebody That I Used To Know,Making Mirrors,"Gotye,Kimbra",01-01-2011,244973,75,125771062,2023-05-12T13:01:24Z,,0.864,0.495,0,-7.036,1,0.037,0.591,0.000133,0.0992,0.72,129.062,4
1zwMYTA5nlNjZxYrvBB2pV,Someone Like You,21,Adele,24-01-2011,285240,77,125771062,2022-09-20T14:39:01Z,soft pop,0.556,0.319,9,-8.251,1,0.0281,0.893,0,0.0996,0.294,135.187,4
4feXcsElKIVsGwkbnTHAfV,Somethin' Stupid,The World We Knew,"Frank Sinatra,Nancy Sinatra",1967-08,162493,76,125771062,2023-07-28T02:27:21Z,"christmas,big band,adult standards,swing music,vocal jazz,jazz",0.257,0.338,4,-12.902,1,0.0357,0.736,0,0.252,0.544,207.356,4
7odHgoLFi3GQ90E9PeraI3,Son of a Preacher Man,Dusty In Memphis [Deluxe Edition],Dusty Springfield,31-03-1969,149160,64,125771062,2022-09-20T14:39:01Z,,0.401,0.498,4,-10.682,1,0.0757,0.394,0,0.13,0.816,181.701,4
5pMmWfuL0FTGshYt7HVJ8P,SOS,ABBA Gold,ABBA,01-01-2008,201360,63,125771062,2022-09-20T14:39:01Z,,0.393,0.719,5,-4.773,1,0.0279,0.0629,0.00432,0.219,0.497,124.353,4
6CnuCYYgFs8ejnSf9GxEbY,Spit On A Stranger,This Side,Nickel Creek,2002,154786,28,125771062,2022-09-20T14:39:01Z,"bluegrass,newgrass,folk,americana",0.525,0.344,7,-8.936,1,0.0348,0.482,0,0.415,0.599,155.608,4
3SdTKo2uVsxFblQjpScoHy,Stand By Me,Don't Play That Song (Mono),Ben E. King,20-08-1962,180055,76,125771062,2022-09-20T14:39:01Z,,0.65,0.306,9,-9.443,1,0.0393,0.57,0.00000707,0.0707,0.605,118.068,4
3Rv2kFdLcwVdS47BLwo22O,Strength Of A Woman,Lucky Day,Shaggy,29-10-2002,229253,49,125771062,2022-09-20T14:39:01Z,reggae,0.753,0.516,10,-5.582,1,0.0812,0.0624,0,0.269,0.673,85.996,4
3Vby4nGmtbDo7HDJamOWkT,Stuck In The Middle With You,Stealers Wheel,Stealers Wheel,01-01-1972,208946,76,125771062,2022-09-20T14:39:01Z,,0.82,0.575,7,-9.144,1,0.0408,0.0936,0.000135,0.109,0.964,123.765,4
6HPLeKiNm92RbykX2BDTUB,Stuck On You,Can't Slow Down,Lionel Richie,01-01-1983,192066,71,125771062,2024-02-21T16:47:34Z,motown,0.509,0.317,5,-16.063,1,0.0305,0.621,0.0000528,0.0878,0.247,131.783,4
13nZlZZYT0VkoUkcZ9j8fI,Sugar,V,Maroon 5,02-09-2014,235506,34,125771062,2024-02-05T06:33:44Z,pop,0.748,0.767,1,-7.095,1,0.0333,0.0521,0,0.0859,0.9,120.035,4
3iSws76HjaU7k49EqJVTfF,"Sugar, Sugar",The Very Best Of The Archies,The Archies,07-11-2007,167186,63,125771062,2022-09-21T07:57:38Z,,0.736,0.871,2,-2.786,1,0.0278,0.466,0,0.108,0.967,122.395,4
6cr6UDpkjEaMQ80OjWqEBQ,Sultans of Swing,Dire Straits,Dire Straits,07-10-1978,348760,67,125771062,2022-09-20T14:39:01Z,classic rock,0.725,0.801,5,-10.059,1,0.0302,0.0722,0.0339,0.339,0.925,148.211,4
6j7zXlw0L2qHxVxmMb5qBm,Summer Holiday,Summer Holiday,Cliff Richard & The Shadows,01-01-2014,133762,24,125771062,2023-05-12T09:40:11Z,,0.555,0.174,4,-21.151,1,0.0317,0.884,0.00000696,0.1,0.658,130.261,4
0J2p4KYdr6Mg4ET6JPlbe1,Super Trouper,Super Trouper,ABBA,1980,252853,73,125771062,2022-09-20T14:39:01Z,,0.764,0.626,0,-8.274,1,0.0288,0.457,0.00000635,0.201,0.961,118.34,4
3ffJKEoVfbiSlDHztViu6O,Superman,Scrubs,Lazlo Bane,01-01-2002,218813,28,125771062,2022-09-20T14:39:01Z,,0.535,0.79,6,-5.654,1,0.0375,0.07,0.00000612,0.129,0.829,161.965,4
2u2WL5N3KnQnykOZi3fxL6,Swallowed in the Sea,X&Y,Coldplay,07-06-2005,239001,52,125771062,2022-09-20T14:39:01Z,,0.265,0.378,11,-10.823,1,0.0316,0.0557,0.00000129,0.119,0.153,142.1,4
2ajUl8lBLAXOXNpG4NEPMz,Sway,Michael Bublé,Michael Bublé,2003,188066,73,125771062,2022-09-21T07:51:41Z,christmas,0.713,0.639,2,-5.529,0,0.0313,0.753,0,0.0878,0.737,125.959,4
7snQQk1zcKl8gZ92AnueZW,Sweet Child O' Mine,Appetite For Destruction,Guns N' Roses,21-07-1987,356066,85,125771062,2022-09-20T14:39:01Z,"rock,glam metal,hard rock,classic rock",0.445,0.952,6,-5.321,1,0.0522,0.09,0.0843,0.112,0.624,125.304,4
4ykZMXKdWHgumz5XEOAh9N,"Sweet, Sweet Smile",Passage,Carpenters,10-10-1977,181760,43,125771062,2023-02-12T10:29:07Z,"christmas,adult standards",0.487,0.482,2,-13.091,1,0.0459,0.164,0.000868,0.0778,0.91,171.15,4
1TfqLAPs4K3s2rJMoCokcS,Sweet Dreams (Are Made of This) - 2005 Remaster,Sweet Dreams (Are Made Of This),"Eurythmics,Annie Lennox,Dave Stewart",04-01-1983,216933,82,125771062,2022-09-20T17:25:33Z,"new wave,synthpop",0.692,0.711,0,-7.498,0,0.0317,0.225,0,0.12,0.875,125.135,4
5BckPAYcKEJuYs1eV1BHHe,Take A Chance On Me,The Album,ABBA,1977,243933,75,125771062,2022-09-20T14:39:01Z,,0.684,0.675,11,-8.123,1,0.0257,0.163,0,0.242,0.924,107.064,4
5UbLKRX1qVROlwDFOooEvG,Take Five,Dave Brubeck's Greatest Hits,Dave Brubeck,1966,324160,48,125771062,2022-09-20T14:39:01Z,"jazz,cool jazz",0.454,0.26,10,-13.213,0,0.0405,0.529,0.000779,0.0646,0.57,174.21,5
1CS7Sd1u5tWkstBhpssyjP,Take Me to Church,Hozier (Expanded Edition),Hozier,19-09-2014,241693,80,125771062,2022-09-20T14:39:01Z,,0.566,0.664,4,-5.303,0,0.0464,0.634,0,0.116,0.437,128.945,4
7utRJ4BeYx85khzP3lKoBX,Tears in Heaven,Clapton Chronicles: The Best of Eric Clapton,Eric Clapton,12-10-1999,271760,0,125771062,2022-09-20T14:39:01Z,"blues,blues rock,classic rock",0.498,0.242,9,-12.238,1,0.0257,0.835,0.536,0.133,0.312,153.744,4
1xYkExG0VqJBMAJ047kd97,Ten Guitars,Release Me,"Gordon Mills,Engelbert Humperdinck",20-05-1967,158346,23,125771062,2022-09-20T14:39:01Z,,0.615,0.48,9,-12.181,1,0.0376,0.659,0,0.166,0.849,133.923,4
7F7ueUXVb16kzTVsPhTMCw,Thank You For The Music - Doris Day Mix,Thank You For The Music,ABBA,01-01-1994,243840,17,125771062,2023-07-28T02:02:25Z,,0.658,0.293,2,-11.043,1,0.0308,0.683,0,0.235,0.543,98.638,4
5TuzQ44lPWTCKbfXbNIEXg,The Animal Song,Affirmation,Savage Garden,09-11-1999,278000,51,125771062,2022-09-20T14:39:01Z,,0.652,0.669,6,-7.663,1,0.037,0.0639,0.00000383,0.0671,0.834,116.088,4
76TZCvJ8GitQ2FA1q5dKu0,The Boxer,Bridge Over Troubled Water,Simon & Garfunkel,26-01-1970,308520,68,125771062,2022-09-20T14:39:01Z,"folk rock,folk",0.439,0.488,11,-14.464,1,0.0615,0.702,0.000339,0.16,0.629,93.017,4
7IxVWmdabNVhfLBV3JD0nJ,The Cave,Sigh No More,Mumford & Sons,02-10-2009,217986,0,125771062,2022-09-20T14:39:01Z,"folk,indie folk,folk rock",0.595,0.506,4,-9.682,1,0.0388,0.0464,0.000138,0.107,0.346,141.981,4
3898C4AbdbptwYet6547e5,The Girl From Ipanema,The Girl From Ipanema - The Bossa Nova Years,Stan Getz,01-01-1989,321826,55,125771062,2022-09-20T14:39:01Z,"bossa nova,jazz,brazilian jazz,cool jazz,latin jazz",0.666,0.194,5,-15.487,0,0.0357,0.91,0.0000403,0.0829,0.443,129.86,4
1bp2IO61zbQrbWNmKKxg3f,The Joker,The Joker,Steve Miller Band,01-01-1973,264503,73,125771062,2022-09-20T14:39:02Z,classic rock,0.596,0.448,5,-9.616,1,0.0396,0.365,0.0000053,0.206,0.796,83.293,4
1ExfPZEiahqhLyajhybFeS,The Lazy Song,Doo-Wops & Hooligans,Bruno Mars,11-05-2010,189109,72,125771062,2022-09-20T14:39:02Z,,0.794,0.711,8,-5.124,0,0.0699,0.3,0,0.0955,0.955,174.915,4
77loZpT5Y5PRP1S451P9Yz,The Reason,The Reason (15th Anniversary Deluxe),Hoobastank,09-12-2003,232800,14,125771062,2022-09-20T14:39:02Z,nu metal,0.474,0.671,4,-4.649,1,0.0289,0.0129,0,0.159,0.0682,82.94,4
75JFxkI2RXiU7L9VXzMkle,The Scientist,A Rush of Blood to the Head,Coldplay,27-08-2002,309600,87,125771062,2022-09-20T14:39:02Z,,0.557,0.442,5,-7.224,1,0.0243,0.731,0.0000146,0.11,0.213,146.277,4
1mHoqHeQClLBp5UO3TbUac,The Show,Lenka (Expanded Edition),Lenka,23-09-2008,235693,56,125771062,2022-11-29T09:09:28Z,,0.753,0.59,0,-4.144,1,0.0317,0.259,0,0.0836,0.593,123.028,4
3YfS47QufnLDFA71FUsgCM,The Sound of Silence,The Singer,Simon & Garfunkel,28-08-2012,184786,62,125771062,2022-09-20T14:39:02Z,"folk rock,folk",0.535,0.225,6,-13.865,1,0.0301,0.869,0.00000157,0.0988,0.338,107.384,4
0gaMmmhGi5buPXpquSAfxg,The Temple Of The King,Ritchie Blackmore's Rainbow,Rainbow,01-01-1975,282013,59,125771062,2023-07-23T11:08:16Z,"hard rock,album rock,metal,heavy metal",0.486,0.487,9,-11.633,0,0.0341,0.445,0.0000144,0.0648,0.373,81.972,4
1jLRap9S6KxWpzlxBqYh17,The Tide Is High,Best Of Blondie,Blondie,31-10-1981,282160,46,125771062,2022-09-20T14:39:02Z,,0.809,0.575,11,-11.967,1,0.0274,0.279,0.122,0.413,0.966,96.179,4
52vA3CYKZqZVdQnzRrdZt6,The Times They Are A-Changin',The Times They Are A-Changin',Bob Dylan,13-01-1964,192053,72,125771062,2022-09-20T14:39:02Z,"folk rock,folk,singer-songwriter,roots rock,country rock",0.389,0.396,7,-7.999,1,0.0332,0.887,0,0.0828,0.585,171.86,3
7IsEXPk6qqt30FfQv4SZMa,The Way,All The Pain Money Can Buy,Fastball,01-01-1998,257093,64,125771062,2022-10-22T07:53:05Z,,0.646,0.882,6,-5.648,0,0.0346,0.143,0.00000967,0.335,0.908,120.837,4
43ddJFnP8m3PzNJXiHuiyJ,The Way I Am,Girls and Boys,Ingrid Michaelson,01-01-2007,135386,52,125771062,2022-09-20T14:39:02Z,,0.877,0.259,5,-9.302,1,0.0427,0.771,0.00000898,0.108,0.32,119.989,4
0elmUoU7eMPwZX1Mw1MnQo,The Way You Look Tonight,"Days Of Wine And Roses, Moon River And Other Academy Award Winners",Frank Sinatra,1964,202160,67,125771062,2022-09-20T14:39:02Z,"christmas,big band,adult standards,swing music,vocal jazz,jazz",0.622,0.24,5,-14.067,0,0.0363,0.798,0,0.142,0.587,132.234,4
541jTq3SOEELKvcfA0jHI0,The Way You Make Me Feel,"HIStory - PAST, PRESENT AND FUTURE - BOOK I",Michael Jackson,16-06-1995,297400,55,125771062,2022-09-20T14:39:02Z,,0.607,0.817,1,-5.926,1,0.11,0.037,0.000607,0.116,0.508,114.482,4
3oEkrIfXfSh9zGnE7eBzSV,The Winner Takes It All,Super Trouper,ABBA,1980,294720,77,125771062,2022-09-20T14:39:02Z,,0.454,0.788,6,-6.748,1,0.0371,0.574,0.000766,0.0859,0.52,126.15,4
43z6scIZU2QcEieMQFAJRG,There She Goes,Sixpence None the Richer,Sixpence None The Richer,22-11-1997,164280,68,125771062,2022-09-20T14:39:02Z,,0.498,0.789,10,-5.724,1,0.0319,0.000856,0.00000583,0.104,0.455,120.176,4
2PneNdtypG6XcgmWmGd9FI,These Boots Are Made for Walkin',Boots,Nancy Sinatra,17-09-2021,167786,58,125771062,2022-09-20T14:39:02Z,,0.742,0.427,9,-10.523,1,0.11,0.395,0.00000142,0.119,0.335,82.579,4
6QOg1CWFpLAsIK7I54JX4G,Those Were The Days - Remastered,Post Card (Remastered 2010 / Deluxe Edition),Mary Hopkin,21-02-1969,310213,50,125771062,2023-07-12T16:04:17Z,baroque pop,0.374,0.292,6,-9.404,0,0.0319,0.869,0.000581,0.108,0.497,169.685,3
34gCuhDGsG4bRPIf9bb02f,Thinking out Loud,x (Deluxe Edition),Ed Sheeran,21-06-2014,281560,82,125771062,2022-09-20T14:39:02Z,soft pop,0.781,0.445,2,-6.061,1,0.0295,0.474,0,0.184,0.591,78.998,4
3AI7ca5RpYLyqaVgU7K1AP,This Is The Life,This Is The Life,Amy Macdonald,2007,184413,44,125771062,2022-09-20T14:39:02Z,,0.511,0.884,1,-5.043,0,0.0423,0.266,0,0.0657,0.868,190.082,4
6ECp64rv50XVz93WvxXMGF,This Love,Songs About Jane: 10th Anniversary Edition,Maroon 5,2002,206200,82,125771062,2022-09-20T14:39:02Z,pop,0.712,0.862,5,-4.612,0,0.0378,0.0525,0,0.093,0.809,95.051,4
7pOWWGpUc3T05IXfymgIP3,This Magic Moment,Up on the Roof: The Best of the Drifters,The Drifters,08-02-2005,146813,48,125771062,2022-09-20T14:39:02Z,"doo-wop,motown",0.34,0.371,0,-8.871,1,0.0348,0.576,0.00000164,0.0896,0.62,139.039,4
0ESIjVxnDnCDaTPo6sStHm,Till There Was You - Remastered 2009,With The Beatles (Remastered),The Beatles,22-11-1963,133506,63,125771062,2022-09-20T14:39:02Z,"classic rock,psychedelic rock",0.727,0.338,5,-13.887,1,0.0454,0.79,0,0.105,0.646,122.421,4
7ExSGiqt0W5xu3XoAwjnDm,Time After Time,Time After Time,Eva Cassidy,2000,240000,56,125771062,2022-09-20T14:39:02Z,,0.381,0.153,2,-13.145,1,0.0402,0.924,0.00127,0.122,0.218,181.003,3
561F1zqRwGPCTMRsLsXVtL,Time in a Bottle,You Don't Mess Around With Jim,Jim Croce,01-04-1972,146175,2,125771062,2022-09-20T14:39:02Z,"folk rock,singer-songwriter",0.544,0.265,2,-11.952,1,0.035,0.848,0,0.196,0.7,133.837,3
1OitCc6VrNZGV5FHF2Mkws,Titanium (Acoustic),Titanium (Acoustic),Shannon & Keast,21-03-2021,223099,30,125771062,2024-02-16T14:27:30Z,,0.495,0.148,11,-9.124,0,0.0356,0.89,0,0.138,0.152,118.17,4
3bP47tw8MOgtrwdO1iahVl,To Be With You,"Big, Bigger, Biggest! The Best Of Mr. Big",Mr. Big,25-11-1996,207200,56,125771062,2022-09-20T14:39:02Z,glam metal,0.693,0.408,4,-7.999,1,0.0442,0.346,0,0.146,0.479,83.646,4
1Ehdm1PDlKrdfyBsjwEvd1,Top Of The World,A Song For You,Carpenters,1972,179173,67,125771062,2022-09-20T14:39:02Z,"christmas,adult standards",0.379,0.343,10,-12.993,1,0.0385,0.806,0,0.0991,0.694,184.301,4
6I9VzXrHxO9rA9A5euc8Ak,Toxic,In The Zone,Britney Spears,13-11-2003,198800,82,125771062,2022-09-20T14:39:02Z,pop,0.774,0.838,5,-3.914,0,0.114,0.0249,0.025,0.242,0.924,143.04,4
5ZBeML7Lf3FMEVviTyvi8l,Twist And Shout - Remastered 2009,Please Please Me (Remastered),The Beatles,22-03-1963,155226,74,125771062,2022-11-30T04:10:46Z,"classic rock,psychedelic rock",0.482,0.849,2,-9.198,1,0.0452,0.641,0.00000774,0.0414,0.937,124.631,4
0Am4hsFXTqFeX1thMW6xAY,Umbrella - Acoustic,Umbrella (Acoustic),Callum J Wright,17-12-2021,166430,40,125771062,2024-02-16T14:28:53Z,,0.51,0.227,7,-14.289,1,0.0534,0.903,0,0.125,0.467,168.154,4
3d9DChrdc6BOeFsbrZ3Is0,Under the Bridge,Blood Sugar Sex Magik (Deluxe Edition),Red Hot Chili Peppers,24-09-1991,264306,82,125771062,2022-09-20T14:39:02Z,"funk rock,alternative rock,rock",0.559,0.345,4,-13.496,1,0.0459,0.0576,0.000105,0.141,0.458,84.581,4
6oYkwjI1TKP9D0Y9II1GT7,Under the Sea,The Little Mermaid Special Edition,"Samuel E. Wright,Disney",01-01-2006,195146,67,125771062,2022-09-20T14:39:02Z,,0.727,0.474,10,-14.667,1,0.138,0.705,0,0.105,0.828,99.966,4
7jreWLyOSmYumdQtttnO4g,Until...,Kate and Leopold (Music from the Motion Picture),Sting,12-03-2002,190666,0,125771062,2024-08-25T11:18:35Z,soft rock,0.497,0.217,7,-12.938,1,0.0295,0.689,0,0.0887,0.383,99.158,3
0T5iIrXA4p5GsubkhuBIKV,Until I Found You,Until I Found You,Stephen Sanchez,01-09-2021,177720,77,125771062,2022-12-27T15:19:31Z,,0.539,0.508,10,-6.05,1,0.0288,0.727,0,0.174,0.227,101.358,3
5zA8vzDGqPl2AzZkEYQGKh,Uptown Girl,An Innocent Man,Billy Joel,08-08-1983,197706,80,125771062,2022-09-20T14:39:02Z,soft rock,0.701,0.944,4,-2.986,1,0.0455,0.0755,0,0.601,0.792,128.993,4
6kopmMZiyLmw7h66uXcXR7,Valerie (feat. Amy Winehouse) - Version Revisited,Version,"Mark Ronson,Amy Winehouse",16-04-2007,219413,80,125771062,2022-09-20T14:39:02Z,,0.699,0.83,1,-4.898,1,0.0633,0.00243,0.00024,0.0995,0.889,105.809,4
0vCTQcxSGAgjHaiAsIANKn,Vanilla Twilight,Ocean Eyes (Deluxe Version),Owl City,01-01-2009,231706,60,125771062,2022-09-20T14:39:02Z,,0.582,0.529,11,-7.637,1,0.0248,0.00961,0.000554,0.113,0.567,166.134,4
0Z3xhSOhrawLV81YdiDiiJ,Venus,At Home,Shocking Blue,1969,187533,63,125771062,2022-09-20T14:39:02Z,nederpop,0.691,0.762,11,-6.47,0,0.0367,0.462,0.0286,0.0804,0.957,128.111,4
0VNzEY1G4GLqcNx5qaaTl6,Vincent,American Pie,Don McLean,1971,243493,68,125771062,2023-07-12T16:17:25Z,,0.398,0.0851,7,-19.387,1,0.0368,0.908,0.0000053,0.34,0.459,90.991,3
1mea3bSkSGXuIRvnydlB5b,Viva La Vida,Viva La Vida or Death and All His Friends,Coldplay,06-06-2008,242373,86,125771062,2022-09-20T14:39:02Z,,0.486,0.617,5,-7.115,0,0.0287,0.0954,0.00000323,0.109,0.417,138.015,4
0nrRP2bk19rLc0orkWPQk2,Wake Me Up,TRUE,Avicii,01-01-2013,247426,85,125771062,2022-09-20T14:39:02Z,edm,0.532,0.783,2,-5.697,1,0.0523,0.0038,0.0012,0.161,0.643,124.08,4
3ZffCQKLFLUvYM59XKLbVm,Wake Me up When September Ends,American Idiot,Green Day,21-09-2004,285653,77,125771062,2022-09-20T14:39:02Z,"punk,pop punk",0.546,0.814,7,-5.146,1,0.0314,0.023,0,0.0972,0.146,104.98,4
6UelLqGlWMcVH1E5c4H7lY,Watermelon Sugar,Fine Line,Harry Styles,13-12-2019,174000,82,125771062,2022-09-20T14:39:02Z,,0.548,0.816,0,-4.209,1,0.0465,0.122,0,0.335,0.557,95.39,4
7JA1UOFeaHRfQrFsqvROM5,Way Back Into Love,Music And Lyrics - Music From The Motion Picture,"Hugh Grant,Haley Bennett",13-02-2006,277853,41,125771062,2022-09-20T14:39:02Z,,0.281,0.675,10,-6.033,1,0.0353,0.0399,0,0.129,0.565,203.473,4
30X3SaDDWZnpStNQ5C0CkE,We Are Young,Songs for the Car,"fun.,Janelle Monáe",16-09-2022,250626,1,125771062,2022-09-20T14:39:02Z,alternative r&b,0.379,0.637,10,-5.574,1,0.0745,0.0197,0.0000787,0.0849,0.757,184.087,4
54OBgO0Xwu20Jak9TMXbR7,Wellerman - Sea Shanty,Wellerman (Sea Shanty),Nathan Evans,21-01-2021,155333,70,125771062,2023-07-28T02:27:12Z,sea shanties,0.675,0.359,3,-5.157,1,0.108,0.614,0,0.137,0.792,191.903,4
29U7stRjqHU6rMiS8BfaI9,What A Wonderful World,What A Wonderful World,Louis Armstrong,01-01-1968,139226,75,125771062,2022-09-20T14:39:02Z,"jazz,swing music,big band,vocal jazz,jazz blues",0.271,0.165,5,-20.652,1,0.0351,0.726,0.00000154,0.118,0.202,77.082,4
0jWgAnTrNZmOGmqgvHhZEm,What's Up?,"Bigger, Better, Faster, More !",4 Non Blondes,01-01-1992,295533,80,125771062,2022-09-20T14:39:03Z,,0.565,0.564,2,-10.044,1,0.0292,0.161,0,0.114,0.454,134.358,4
0gcjc7Vt5xtcfmJgf6g2IO,When You Say Nothing At All,Ronan,Ronan Keating,01-01-2000,256825,72,125771062,2023-05-22T14:34:37Z,,0.461,0.448,7,-10.665,1,0.0246,0.161,0.00000118,0.0811,0.418,173.86,4
70wYA8oYHoMzhRRkARoMhU,When You Were Young,Sam's Town,The Killers,27-09-2006,220426,77,125771062,2022-09-20T14:39:03Z,alternative rock,0.467,0.988,11,-3.313,1,0.112,0.000152,0.0484,0.28,0.321,130.433,4
2lnzGkdtDj5mtlcOW2yRtG,"Whenever, Wherever",Laundry Service,Shakira,13-11-2001,196160,76,125771062,2022-09-20T14:39:03Z,"latin pop,latin",0.794,0.832,1,-4.862,0,0.0407,0.237,0.0000114,0.203,0.871,107.657,4
3adnLFXKO5rC1lhUNSeg3N,White Flag,Life For Rent,Dido,03-09-2003,240600,62,125771062,2022-09-20T14:39:03Z,,0.509,0.538,5,-6.835,1,0.0379,0.306,0.00000503,0.091,0.284,170.111,4
7w5AOd6HrDIHewHfpABEss,Wicked Game,Heart Shaped World,Chris Isaak,13-06-1989,289066,80,125771062,2022-09-20T14:39:03Z,,0.663,0.296,9,-18.09,1,0.0294,0.68,0.00837,0.0879,0.359,112.306,4
4amVKQVSct5Nn5WLMNsKEV,Wild World,Music Icons,Yusuf / Cat Stevens,19-08-2022,200573,0,125771062,2022-09-20T14:39:03Z,"folk rock,folk,singer-songwriter",0.484,0.509,0,-9.412,1,0.0357,0.367,0.000686,0.112,0.549,151.937,4
3fl78noR9kt12JYKuTAP4a,Wisemen,Back to Bedlam,James Blunt,08-08-2005,221773,54,125771062,2022-09-20T14:39:03Z,,0.633,0.701,10,-5.969,1,0.0267,0.253,0.0000479,0.165,0.634,151.892,4
6mFkJmJqdDVQ1REhVfGgd1,Wish You Were Here,Wish You Were Here,Pink Floyd,12-09-1975,334743,79,125771062,2022-09-20T14:39:03Z,"progressive rock,psychedelic rock,classic rock,symphonic rock,art rock,rock",0.481,0.262,7,-15.73,1,0.0414,0.735,0.0114,0.832,0.375,122.861,4
6QPhpvO1pWDS91EsEmzsbc,With Or Without You,U218 Singles,U2,01-01-2006,296226,54,125771062,2023-06-22T16:40:19Z,rock,0.546,0.539,2,-7.342,1,0.0267,0.000135,0.235,0.119,0.122,109.92,4
6zC0mpGYwbNTpk9SKwh08f,Wonderful Tonight,Slowhand 35th Anniversary (Super Deluxe),Eric Clapton,01-11-1977,225026,74,125771062,2022-09-20T14:39:03Z,"blues,blues rock,classic rock",0.572,0.214,7,-15.625,1,0.0293,0.649,0.129,0.125,0.485,95.542,4
1qPbGZqppFwLwcBC1JQ6Vr,Wonderwall,(What's The Story) Morning Glory?,Oasis,02-10-1995,258906,72,125771062,2022-09-20T14:39:03Z,"britpop,madchester,rock",0.41,0.854,2,-5.609,1,0.0366,0.00236,0,0.133,0.456,174.584,4
3AJwUDP919kvQ9QcozQPxg,Yellow,Parachutes,Coldplay,10-07-2000,266773,90,125771062,2022-09-20T14:39:03Z,,0.429,0.661,11,-7.227,1,0.0281,0.00239,0.000121,0.234,0.285,173.372,4
3BQHpFgAp4l80e1XslIjNI,Yesterday - Remastered 2009,Help! (Remastered),The Beatles,06-08-1965,125666,75,125771062,2024-08-25T02:14:38Z,"classic rock,psychedelic rock",0.332,0.179,5,-11.83,1,0.0326,0.879,0,0.0886,0.315,96.524,4
0815caqt2Lytro5EIzMufT,You And Me,Lifehouse,Lifehouse,22-03-2005,195493,75,125771062,2022-09-20T14:39:03Z,post-grunge,0.459,0.427,7,-7.734,1,0.0267,0.114,0,0.168,0.354,139.902,3
5Y9bUw2zFRTwufHt6S49FG,You Belong To Me,Get Up,Bryan Adams,16-10-2015,150506,27,125771062,2022-09-20T14:39:03Z,,0.553,0.913,4,-5.623,0,0.108,0.0484,0.15,0.147,0.456,100.047,4
38zsOOcu31XbbYj9BIPUF1,Your Song,Elton John,Elton John,10-04-1970,241786,79,125771062,2022-09-20T14:39:03Z,,0.552,0.315,3,-11.028,1,0.0299,0.828,0.00000552,0.101,0.324,128.187,4
0vg4WnUWvze6pBOJDTq99k,You're Beautiful,Back to Bedlam,James Blunt,08-08-2005,209493,74,125771062,2022-09-20T14:39:03Z,,0.675,0.479,0,-9.87,0,0.0278,0.633,0.0000176,0.088,0.454,81.998,4
1wb4P4F0sxAQ2KXrRvsx6n,You're Still The One,Come On Over,Shania Twain,04-11-1997,212200,68,125771062,2022-09-20T14:39:03Z,country,0.585,0.494,3,-8.751,1,0.0353,0.363,0,0.0885,0.634,133.828,4
4F1AgKpuFRMLEgtPETVwZk,You've Got To Hide Your Love Away - Remastered 2009,Help! (Remastered),The Beatles,06-08-1965,129119,64,125771062,2022-09-20T14:39:03Z,"classic rock,psychedelic rock",0.399,0.394,7,-9.05,1,0.0282,0.211,0,0.102,0.382,184.274,3
7EZC6E7UjZe63f1jRmkWxt,Zombie,No Need To Argue (The Complete Sessions 1994-1995),The Cranberries,03-10-1994,306440,83,125771062,2022-09-20T14:39:03Z,,0.309,0.649,7,-8.994,1,0.035,0.0158,0.00591,0.367,0.312,166.915,4
