Title,Artist,Year,Genre,BPM,Energy,Dance,Valence,Popularity,WIP,,Tags,Spotify ID
1973,James Blunt,2007,Rock,123,67,72,77,72,WIP,,;pop;alternative;love;dance,1BV0m40U0M4t1SLIsDnwZl
A Hard Day's Night,Beatles,1964,Rock,139,82,55,76,51,,,classic rock;psychedelic rock;dance;jive;fast;groovy;love;oldies;retro,1pctwlBtIcKIjQMzsVcGHB
A Little Less Conversation,Elvis Presley,1968,Rock,114,80,58,84,56,WIP,,rockabilly;rock and roll;dance;jive;fast;groovy;love;oldies;retro,47y8hRlWLEJ4VafE6LMjEZ
A Little More,Eric Hutchinson,2014,Rock,80,74,64,94,39,WIP,,;fast;dance;groovy;alternative,3AH12fVi34vJVqriMpM6Bo
A Man For All Seasons,Robbie Williams,2003,Soundtrack,124,74,58,82,39,WIP,,soundtrack;dance;groovy,3RIm56NRLSZYo1xgHlbPH4
A Sky Full Of Stars,Coldplay,2014,Rock,125,68,55,16,86,,,;alternative,0FDzzruyVECATHXKHFs9eJ
A Thousand Miles,Vanessa Carlton,2002,Pop,95,83,56,27,78,,,;dance;groovy;love;waltz,4w1lzcaoZ1IC2K5TwjalRP
A Thousand Years,Christina Perri,2011,Soundtrack,139,41,42,16,83,,,soft pop;love;slow,6lanRgr6wXibZr8KgzXxBl
Adventure Of A Lifetime,Coldplay,2015,Pop,112,92,64,53,83,,,;dance;alternative,69uxyAqqPIsUyTO8txoP2M
Africa,Toto,1982,Rock,93,37,67,73,86,,,yacht rock;soft rock;retro;oldies,2374M0fQpWi3dLnB54qaLX
After Midnight,J J Cale,1966,Rock,96,31,69,52,61,WIP,,blues;blues rock;roots rock;acoustic;groovy;oldies;retro,1PC5GV3OaoXx5em8ttQOMI
Aicha,Outlandish,2002,RnB,87,64,75,61,56,WIP,,danish pop;,7mze3mJmu79AJu8SnS37pS
All About That Bass,Meghan Trainor,2014,Doo-wop,134,89,81,96,69,,,;dance;jive;groovy,5jE48hhRu8E6zBDPRSkEq7
All About You,McFly,2005,Rock,130,56,54,30,56,,,;love;pop,0ElmwRAsaxaUZXnMbaSllH
All I Have To Do Is Dream,Everly Brothers,1958,Rock 'n' roll,96,46,53,53,67,,,doo-wop;love;slow;oldies;retro;sweet,7dblNGnRXEBrVJunazs2U5
All Star,Smash Mouth,1999,Rock,104,87,73,78,78,,,;alternative,3cfOd4CMv2snFaKAnMdnvK
Angel Of The Morning,Juice Newton,1981,Country,76,31,45,34,63,WIP,,;love;slow;oldies;retro,11y8GSP2ASv8S9n0FiiDva
Angels,Robbie Williams,1997,Rock,150,59,43,26,64,,,;love;slow,7CKbqqrs0AS1si1ZgaQdcj
Annie's Song,John Denver,1974,Rock,146,31,30,46,68,,,folk;love;slow;oldies;retro;waltz,4J0DbyODwZJcmIAiTSJfMF
Another Day In Paradise,Phil Collins,1989,Rock,102,57,78,37,80,,,soft rock;alternative;groovy,1NCuYqMc8hKMb4cpNTcJbD
Answer Me My Love,Inger Marie,2011,Jazz,89,8,63,37,14,WIP,,vocal jazz;smooth jazz;,3NKzaAQXoHXhXqMHN9IsRb
Antonio's Song,Till Br√∂nner,1977,Jazz,114,39,68,65,26,WIP,,smooth jazz;jazz;groovy;jazz;slow;oldies;retro,51FAWuc1iPdM06S65Plx11
April Come She Will,Simon and Garfunkel,1966,Rock,102,19,49,35,60,WIP,,folk rock;folk;acoustic;retro;oldies,0djZ2ndRfAL69WYNra5jRC
Are You Gonna Be My Girl,Jet,2003,Rock,105,96,61,60,12,,,;dance;love;fast,305WCRhhS10XUcH6AEwZk6
Arms,Christina Perri,2011,Pop,145,76,46,25,59,WIP,,soft pop;love,5u0YB9bpmgEPS2bPhwfRFV
At My Worst,Pink Sweat$,2021,RnB,92,42,81,67,67,WIP,,;love;dance,0ri0Han4IRJhzvERHOZTMr
Ave Maria,Beyonce,2008,Pop,105,40,35,20,46,WIP,,;love;groovy,1j9HwUMSkRUeVFRWlHcFsy
Baby One More Time,Britney Spears,1998,Pop,93,70,76,91,81,,,pop;love;groovy;dance,3MjUtNVVq3C8Fn0MP3zhXa
Bachelor Boy,Cliff Richard,1962,Pop,201,23,36,90,17,,,;oldies;retro;dance;waltz;sweet;fast,1vNXvCxrcKg8Mq6KHAV6ZF
Beautiful Tango,Hindi Zahra,2010,Soul,126,38,75,65,18,WIP,,tango;alternative;acoustic,5AmekBD8x9RIu9MMX81aYz
Believer,Imagine Dragons,2017,Rock,125,78,78,67,86,,,;alternative,0pqnGHJpmpxLKifKRmU6WP
Besame Mucho,Andrea Bocelli,1940,Latin,95,50,52,38,63,,,opera;love;slow;jazz;bossa;oldies;retro,5WHnE8MsLFHqSUwecrs7WO
Better When I'm Dancing,Meghan Trainor,2015,Pop,128,79,76,87,50,,,;dance;fast,0BMyRHOFOvHjAEzeNfQIeN
Big Bang,Rock Mafia,2010,Pop,96,82,90,89,60,WIP,,;pop;dance;alternative,0SGojwNP2zUrgDyeoBQxYO
Big Yellow Taxi,Joni Mitchell,1970,Rock,86,47,61,97,46,,,folk;singer-songwriter;folk rock;pop;acoustic;alternative;retro;oldies,1wfzOH54LylpiG8hAOjKcS
Billie Jean,Michael Jackson,1982,Pop,117,65,92,85,78,,,;,5ChkMS8OtdzJeqyybCc9R5
Biomusicology,Koji,2001,Alternative,145,32,51,36,0,WIP,,;groovy;alternative;acoustic;love,2WzdWQCJlxGpNnN1a69o08
Bistro Fada,Stephane Wrembel,2011,Jazz,99,37,76,86,52,,,french jazz;instrumental;waltz,08T5wMbEnPN8ghT8o24KY6
Bitter Sweet Symphony,Verve,1997,Rock,171,92,36,52,83,,,britpop;shoegaze;alternative,57iDDD9N9tTWe75x6qhStw
Black Or White,Michael Jackson,1991,Pop,115,93,76,96,62,,,;,6wdviVWctiZnY6tVn6bh6A
Blackbird,Beatles,1968,Folk,94,13,69,37,76,,,classic rock;psychedelic rock;oldies;retro;acoustic;alternative;folk,5jgFfDIR6FR0gvlA56Nakr
Blinding Lights,Weeknd,2019,RnB,171,73,51,33,89,,,;groovy;dance;fast;love,0VjIjW4GlUZAMYd2vXMi3b
Blowin' In The Wind,Peter Paul and Mary,1962,Folk,155,8,38,56,52,,,folk;folk rock;acoustic;oldies;retro;folk,62Yu8QL1g9pdbvN4XL9Rah
Brandy,Looking Glass,1972,Rock,125,63,72,83,77,,,yacht rock;groovy;dance;fast;oldies;retro,2BY7ALEWdloFHgQZG6VMLA
Brasileirinho,Waldir Azavedo,1947,Choro,105,52,49,92,30,WIP,,samba;seresta;classical;chamber music;brazilian jazz;bossa nova;latin jazz;big band;jazz;instrumental,6MTrtNdft6F4t64fEzhNNA
Breakfast At Tiffany's,Deep Blue Something,1995,Rock,110,83,62,54,70,WIP,,;love,1uzWOoJdADfstQuFtQFTUn
Breathe (2 AM),Anna Nalick,2004,Folk,170,45,39,29,64,WIP,,;,5auMzVHFr5Zfw6IbKarZ56
Brown Eyed Girl,Van Morrison,1967,Rock,151,58,49,91,70,,,;love;dance;fast;oldies;retro,3yrSvpt2l1xhsV9Em88Pul
Budapest,George Ezra,2013,Rock,128,46,72,39,79,,,;love;dance,2ixsaeFioXJmMgkkbd4uj1
Butterfly,Jason Mraz,2008,Pop,108,66,72,80,44,WIP,,soft pop;acoustic pop;love;dance;fast,7rrmHHc1kY9vkIZnXrcH7T
Bye Bye Love,Everly Brothers,1957,Country,170,52,55,89,53,WIP,,doo-wop;oldies;retro;love,6oRHRkQigTzJ3KwpO3XOV6
Calendar Girl,Neil Sedaka,1959,Pop,123,65,70,86,54,WIP,,doo-wop;adult standards;oldies;retro;love;sweet,7Gpx2fNJiilvrf9Ss8qbit
Californication,Red Hot Chili Peppers,1999,Alternative,96,77,59,33,84,,,funk rock;alternative rock;rock;groovy,48UPSzbZjgc449aqz8bxox
Can't Help Falling In Love,Elvis Presley,1961,Rock,100,29,40,34,80,,,rockabilly;rock and roll;love;slow;oldies;retro;waltz,44AyOl4qVkzS48vBsbNXaC
Can't Smile Without You,Barry Manilow,1978,Pop,98,52,42,48,62,WIP,,yacht rock;adult standards;oldies;retro;love;sweet,7qUTZEf6bgiApJEXpMAH5y
Careless Whisper,George Michael,1984,Pop,153,63,57,80,10,,,;oldies;retro,4jDmJ51x1o9NZB5Nxxc7gY
Carry You Home,James Blunt,2008,Rock,83,55,34,21,64,WIP,,;love;alternative,1zVBU0PAj7ZUVmVfG2pgQG
Catch and Release,Matt Simons,2007,Pop,87,45,62,61,50,WIP,,;slow;love,29MwtMspIroR2wFYEJ7ps0
Chained To The Rhythm,Katy Perry,2017,Disco,95,80,56,47,70,WIP,,pop;reggae;groovy;dance;fast,7qvxFz3JodM0A7xEM7k3YD
Cheap Thrills,Sia,2016,Pop,90,70,63,73,68,,,;groovy;dance;fast,3S4px9f4lceWdKf0gWciFu
Chiquitita,ABBA,1979,Pop,84,55,50,37,74,WIP,,;oldies;retro;love,762B4bOcXF7I2Y8UlKTyTy
Clocks,Coldplay,2002,Rock,131,75,58,26,85,,,;alternative,0BCPKOYdS2jbQ8iyB56Zns
Closing Time,Semisonic,1998,Rock,92,85,48,27,68,WIP,,;alternative,1A5V1sxyCLpKJezp75tUXn
Cloud Number Nine,Bryan Adams,1999,Pop,110,72,59,62,49,,,;love;dance;sweet;groovy,1sdz3nsrkX4Yo42KLPrmYV
Copacabana,Barry Manilow,1978,Disco,108,67,76,80,48,WIP,,yacht rock;adult standards;acoustic;love;dance;groovy;oldies;retro,3hWOGUIOcqKDoVpFBLp9Qc
Count On Me,Bruno Mars,2010,Pop,89,39,59,50,74,,,;groovy;acoustic;love;fast;sweet,7l1qvxWjxcKpB9PCtBuTbU
Counting Stars,OneRepublic,2013,Pop,122,71,66,47,73,,,soft pop;,6sy3LkhNFjJWlaeSMNwQ62
Country Roads,John Denver,1971,Country,82,40,46,63,76,,,folk;oldies;retro;groovy,1YYhDizHx7PnDhAhko6cDS
Crazy,Gnarles Barkley,2006,Soul,112,74,84,61,5,,,;alternative;groovy,2N5zMZX7YeL1tico8oQxa9
Crazy Little Thing Called Love,Queen,1979,Rock,77,57,63,75,0,,,classic rock;rock;glam rock;groovy;dance;fast;oldies;retro,2NpKgRCZfFb8fVmvk16iMx
Dance With Me Tonight,Olly Murs,2011,Pop,164,75,67,96,65,,,;dance;fast;love;groovy;sweet,1FSWSs9CL01RCYxXtm08Rf
Dancing In The Moonlight,Toploader,1999,Pop,119,86,63,87,78,,,;groovy;dance,3Fzlg5r1IjhLk2qRw667od
Dancing Queen,ABBA,1976,Pop,101,87,54,75,84,,,;groovy;dance;jive;oldies;retro;fast,0GjEhVFGZW8afUYGChu3Rr
Daughters,John Mayer,2004,Rock,125,41,67,50,65,,,singer-songwriter;groovy;slow;alternative,5FPnjikbwlDMULCCCa6ZCJ
Dear Future Husband,Meghan Trainor,2014,Pop,79,78,66,83,69,,,;dance;groovy;love;sweet,3cU2wBxuV6nFiuf6PJZNlC
Diana,Paul Anka,1957,Rock,143,41,57,96,47,WIP,,adult standards;dance;groovy;love;sweet;oldies;retro,4chlGZQX5uPYpRLp3NezmX
Die Die Die,Avett Brothers,2007,Folk,119,70,53,77,34,WIP,,indie folk;folk;americana;bluegrass;newgrass;alt country;folk rock;alternative;groovy;acoustic,2HK5MzOuCmkJQlJYGCQpUU
Does Your Mother Know,ABBA,1979,Pop,136,87,73,98,66,,,;dance;fast;love;groovy;oldies;retro,2HPB3px8MJZRMfu1L65Z41
Don't It Make My Brown Eyes Blue,Crystal Gayle,1977,Jazz,85,32,74,34,60,WIP,,classic country;groovy;jazz;slow;love;oldies;retro,7Jpclr7tZ6aQXjoKzWXUJV
Don't Know Why,Norah Jones,2002,Pop,89,22,75,64,77,,,;groovy;slow;love,1zNXF2svmdlNxfS5XeNUgr
Don't Let Me Be Lonely Tonight,James Taylor,1972,Rock,75,15,62,34,45,WIP,,folk rock;singer-songwriter;soft rock;yacht rock;groovy;slow;love;oldies;retro,3c3b5daSKE7C83YLIOrSnX
Don't Look Back In Anger,Oasis,1995,Pop,164,92,35,21,72,,,britpop;madchester;groovy;slow;alternative;acoustic,7ppPZa3TRUSGKaks9wH7VT
Don't Stop Me Now,Queen,1979,Rock,156,76,56,64,2,,,classic rock;rock;glam rock;dance;fast;love;groovy;oldies;retro,43DHLzDkncpby82Po5jlOZ
Don't Think Twice It's Alright,Bob Dylan,1963,Folk,111,24,60,47,67,WIP,,folk rock;folk;singer-songwriter;roots rock;country rock;acoustic;alternative;love;oldies;retro;folk,2WOjLF83vqjit2Zh4B69V3
Doubting Thomas,Nickel Creek,2005,Pop,146,14,39,27,35,WIP,,bluegrass;newgrass;folk;americana;,5Y5mqKOWd1wzqSqBeYaeO9
Dream A Little Dream Of Me,Laura Fygi,2002,Jazz,88,22,65,32,55,WIP,,french jazz;vocal jazz;jazz;smooth jazz;love;slow;acoustic;jazz;sweet,5vVLUqs9ogEGnH44Lh8Tuc
Dream Lover,Bobby Darin,1959,Rock 'n' roll,132,77,53,72,58,WIP,,big band;adult standards;swing music;doo-wop;lover;oldies;retro;dance;sweet,1KLpjQFgubHI3GkAICCNH3
Dreams,Fleetwood Mac,1977,Rock,120,49,83,79,88,,,classic rock;yacht rock;soft rock;,0ofHAoxe9vBkTCp2UQIavz
Drive,Incubus,2000,Rock,91,79,65,67,78,,,nu metal;funk rock;alternative metal;alternative rock;alternative;groovy;dance,7nnWIPM5hwE3DaUBkvOIpy
Dust in the Wind,Kansas,1978,Rock,94,32,48,39,78,,,classic rock;progressive rock;aor;alternative;acoustic;oldies;retro;love,6zeE5tKyr8Nu882DQhhSQI
Earth Angel,Penguins,1954,RnB,187,65,23,31,0,,,;oldies;retro;love;slow;waltz,54JpZ7kVvW7VsMFj8FqY95
Eight Days A Week,Beatles,1964,Rock,139,68,64,84,50,,,classic rock;psychedelic rock;oldies;retro;love;dance;fast,5ylLypaOksxWd75YrGtx2N
Enjoy The Ride,Morcheeba,2008,Rock,85,52,55,46,0,WIP,,trip hop;downtempo;alternative;groovy;dance,60lMbWaSNuUhwYxG0atyC3
Escape (Pina Colada),Rupert Holmes,1979,Rock,139,51,84,95,75,,,yacht rock;groovy;love;dance;oldies;retro,5IMtdHjJ1OtkxbGe4zfUxQ
Every Breath You Take,The Police,1983,Rock,117,46,82,71,0,,,;,7cBs6EjIeGQD28QMOC0F2X
Every Little Thing She Does Is Magic,Eric Hutchinson,1981,Pop,78,56,71,83,33,,,;alternative;dance;fast;love,13bJq2QpoHZEUrNWfHgOUu
Everything,Michael Buble,2006,Pop,123,69,69,49,71,WIP,,christmas;groovy;dance,4T6HLdP6OcAtqC6tGnQelG
Everything At Once,Lenka,2011,Pop,145,47,77,84,58,WIP,,;alternative;dance,1c97hmN3Z064RQZTvCfM84
Everything I Own,Bread,1972,Rock,79,34,37,45,73,,,soft rock;yacht rock;love;slow;oldies;retro,52VIdyKqp1pJRSyUQaxKUA
Everywhere,Fleetwood Mac,1987,Rock,115,54,69,76,68,,,classic rock;yacht rock;soft rock;,1prZ0pr6XoRCxcrC3MCL0M
Eye Of The Tiger,Survivor,1982,Rock,109,60,82,55,76,,,;groovy;dance;fast;oldies;retro,2KH16WveTQWT6KOG9Rg6e2
Faith,George Michael,1987,Rock,96,50,92,55,0,,,;groovy;dance;fast;oldies;retro;love,59eAcAyhYSLi5GKFrgHJzG
Family Tree,Ben Kweller,2000,Alternative,108,63,67,53,0,WIP,,power pop;texas country;red dirt;southern rock;,1NPElxSLH7jRwR10XL1jwO
Fare Thee Well (Dink's Song),Various,2002,Folk,82,43,50,23,50,WIP,,folk;acoustic;slow;alternative;folk,0YOOXnCJihgyluizqhAcrz
Feels Like Home,Edwina Hayes,2009,Folk,108,26,46,50,42,WIP,,;slow;love,111i0gGDZQ3NbXdY2dbpet
Fifty Ways To Leave Your Lover,Paul Simon,1975,Rock,102,37,82,29,72,WIP,,singer-songwriter;oldies;retro;love;groovy,6Qb7gtV6Q4MnUjSbkFcopl
Fire and Rain,James Taylor,1970,Rock,76,35,61,36,53,WIP,,folk rock;singer-songwriter;soft rock;yacht rock;oldies;retro;love;acoustic;groovy,1XUKItaRs2494LclJwHhl8
First Day Of My Life,Bright Eyes,2005,Folk,95,25,60,37,65,WIP,,indie folk;alternative;acoustic;love;sweet,0eBryM7ePQH3Klt3jz8xZd
Five Hundred Miles,Peter Paul and Mary,1962,Folk,97,7,44,26,53,,,folk;folk rock;slow;love;acoustic;alternative;oldies;retro;waltz;folk,6oMZhY0f1ReI6AJDDYfuSb
Fix You,Coldplay,2005,Rock,138,42,21,12,85,,,;love;slow,7LVHVU3tWfcxj5aiPFEW4Q
Flightless Bird American Mouth,Iron and Wine,2008,Rock,155,40,37,18,70,WIP,,indie folk;folk;love;slow;alternative,1fEGtTZjrjJW8eUeewnNJR
Flowers,Miley Cyrus,2023,Pop,118,68,71,65,16,,,;love;dance;groovy;fast,0yLdNVWF3Srea0uzk55zFn
Fly Me To The Moon,Frank Sinatra,1954,Pop,118,27,62,43,55,,,christmas;big band;adult standards;swing music;jazz;vocal jazz;jazz;love;groovy;dance;oldies;retro,1PVTvvxpSkyJWemW1CwVVk
Follow Me,Uncle Kracker,2000,Country,105,59,82,92,72,,,;,4KoecuyOpZaNFZ0UqVsllc
For What It's Worth,Buffalo Springfield,1966,Folk,99,52,65,82,77,,,folk rock;country rock;alternative;groovy;dance;oldies;retro;folk;slow,1qRA5BS78u3gME0loMl9AA
Forever,Eric Hutchinson,2014,Rock,144,80,57,52,21,WIP,,;love;dance;fast,2WSTUNo3ZtQLeOkp362tcB
Free Falling,John Mayer,1989,Rock,169,62,55,58,34,,,classic rock;alternative;acoustic;oldies;retro;love,43R7hb5PbcyDuGGVhztAXL
Galway Girl,Ed Sheeran,2017,Pop,100,88,62,78,80,WIP,,soft pop;alternative;dance;fast;love,0afhq8XCExXpqazXczTSve
Genie In A Bottle,Christina Aguilera,1999,Pop,176,80,63,91,79,WIP,,;love;dance;fast;groovy,11mwFrKvLXCbcVGNxffGyP
Get Lucky,Daft Punk,2013,Disco,116,79,81,86,19,WIP,,french house;electronic;electro;,5bDrb5U9wtV4tzeiVhw7kO
Gimme Gimme Gimme,ABBA,1979,Pop,120,49,75,54,81,,,;retro;oldies;dance;groovy;love,3vkQ5DAB1qQMYO4Mr9zJN6
Girls Just Want To Have Fun,Mayries,1983,Pop,186,36,44,36,49,,,acoustic pop;acoustic;alternative;love;retro;oldies,7rohDMzsbmSmol7sIZs0Px
Give A Little More,Maroon 5,2010,Disco,118,82,75,94,39,WIP,,pop;alternative;dance;fast;love,2TRuBFYZYw0Q7qIVBhqR1T
Give Me One Reason,Tracy Chapman,1999,Blues,100,42,61,60,73,WIP,,;alternative;dance;groovy;fast;love,4vDBJeeQCbhP9FaPPMsYkY
Good Riddance (Time Of Your Life),Green Day,1997,Rock,95,43,48,65,80,,,punk;pop punk;alternative;acoustic,6ORqU0bHbVCRjXm9AjyHyZ
Goodnight Goodbye,Eric Hutchinson,2014,Rock,118,63,68,60,21,WIP,,;acoustic;love;dance;groovy,0zzSZkEfZiZCAldZj8x128
Got You Under My Skin,Frank Sinatra,1956,Pop,127,37,59,63,53,WIP,,christmas;big band;adult standards;swing music;jazz;vocal jazz;jazz;love;groovy;dance;oldies;retro,74jklVKHYTmNMp0baGm6FB
Grayscale,Skye Zentz,2012,Folk,83,31,54,32,0,WIP,,;acoustic;alternative;love;sweet;folk;waltz,6HhRhNhizv18kTfHED0GNA
Great Balls Of Fire,Jerry Lee Lewis,1957,Rock 'n' roll,80,63,59,91,0,,,rockabilly;rock and roll;boogie-woogie;groovy;fast;dance;love;oldies;retro,7xe3EQCvXnx6Q0zs41Y65n
Green Eyes,Coldplay,2002,Alternative,130,41,61,23,67,,,;alternative;acoustic;love;slow,3ou9rSNUQnE7XYmJkUUIOc
Guitar Man,Bread,1972,Rock,143,51,55,51,67,,,soft rock;yacht rock;alternative;slow;love;retro;oldies,0gZXockVcE7rEhSf4mcGLO
Hallelujah,Jeff Buckley,1984,Rock,73,20,34,44,58,,,singer-songwriter;slow;love;acoustic;alternative;oldies;retro,5USZyz6dnBEn1oLsKcAKQy
Halo,Beyonce,2008,Pop,80,72,51,47,74,,,;groovy;alternative,4JehYebiI9JE8sR8MisGVb
Happy,Pharell Williams,2013,Pop,160,82,65,96,80,,,;dance;fast;love;groovy,60nZcImufyMA1MKQY3dcCH
Havana,Camila Cabello,2017,Dance,106,50,75,44,1,,,;,4ptonNXwbPtpiPX062ruaM
Have You Ever Seen The Rain,CCR,1971,Rock,116,47,74,89,67,,,classic rock;southern rock;country rock;oldies;retro;groovy;dance,5DnT9a5IM3eMjKgXTWVJvi
Heart Of Gold,Neil Young,1972,Rock,171,40,54,83,76,WIP,,classic rock;folk rock;singer-songwriter;roots rock;alternative;oldies;retro;slow;love,26QKxvjlCo2fSd3T4c8Zpb
Heaven,Bryan Adams,1985,Rock,140,59,38,33,82,,,;slow;dance;love,7Ewz6bJ97vUqk5HdkvguFQ
Hello,Lionel Richie,1983,Pop,61,25,49,6,57,,,motown;love;slow;oldies;retro,0mHyWYXmmCB9iQyK18m3FQ
Here Without You,3 Doors Down,2002,Rock,144,53,56,23,78,,,post-grunge;alternative;love,3NLrRZoMF0Lx6zTlYqeIo4
Hero,Enrique Iglesias,2001,Pop,75,62,46,16,9,,,latin pop;latin;,2dsMRyRc0ZQrICwHfmtCFb
Hey Jude,Beatles,1968,Rock,74,63,46,59,69,,,classic rock;psychedelic rock;retro;oldies;dance;groovy;love,1eT2CjXwFXNx6oY5ydvzKU
Hey Soul Sister,Train,2002,Rock,97,89,67,80,82,,,soft pop;dance;fast;groovy;love;sweet,4HlFJV71xXKIGcU3kRyttv
Hey There Delilah,Plain White T's,2004,Pop,104,29,66,30,79,,,;acoustic;love;sweet,4RCWB3V8V0dignt99LZ8vH
Hit The Road Jack,Ray Charles,1962,R'n'B,173,57,60,96,68,,,jazz blues;soul;soul blues;blues;classic soul;vocal jazz;dance;oldies;retro;jive,2HoqbEOXgbDSLZ5XCePEXt
Hold You In My Arms,Ray LaMontagne,2004,Folk,170,32,50,58,1,WIP,,;acoustic;alternative;love;slow;waltz,1U1GtaJeYwGsPgqV9Me5bb
Homeward Bound,Simon and Garfunkel,1966,Folk,93,38,49,53,63,WIP,,folk rock;folk;retro;oldies;groovy;love;acoustic;folk,4Xl2PrS3DJqqSKXCo6Uhv9
Hotel California,Eagles,1976,Rock,147,51,58,61,84,,,classic rock;yacht rock;soft rock;retro;oldies;groovy,40riOy7x9W7GXjyGp4pjAv
How Deep Is Your Love,Bee Gees,1977,Rock,105,36,63,67,79,,,disco;retro;oldies;groovy;love;dance,2JoZzpdeP2G6Csfdq5aLXP
Hymn For The Weekend,Coldplay,2015,Pop,90,69,49,41,83,,,;dance;alternative;groovy;love,3RiPr603aXAoi4GHyXx0uy
I Have A Dream,ABBA,1979,Pop,104,37,55,44,64,,,;slow;retro;oldies,1PtJclc46wTk367PlsU6Uj
I Saw Her Standing There,Beatles,1968,Rock,160,80,49,97,66,,,classic rock;psychedelic rock;dance;fast;love;groovy;retro;oldies,3KiexfmhxHvG5IgAElmTkd
I Wanna Hold Your Hand,Beatles,1963,Rock,131,72,49,87,64,,,classic rock;psychedelic rock;dance;fast;love;groovy;retro;oldies,4pbG9SUmWIvsROVLF0zF9s
I Will Follow You Into The Dark,Death Cab for Cutie,2006,Rock,80,21,52,49,62,WIP,,;acoustic;love;alternative,3kZC0ZmFWrEHdUCmUqlvgZ
I Will Survive,Gloria Gaynor,1978,Disco,117,78,77,80,74,,,disco;retro;oldies;dance;groovy;love,7rIovIsXE6kMn629b7kDig
I Won't Give Up,Jason Mraz,2012,Pop,133,30,48,14,70,,,soft pop;acoustic pop;slow;love;dance;waltz,53QF56cjZA9RTuuMZDrSA6
I'd Love To Change The World,Ten Years After,1971,Rock,118,48,38,39,29,WIP,,blues rock;psychedelic rock;alternative;fast;oldies;retro,60fbDTkIN8GvN33VscBGqx
If,Bread,1971,Folk Rock,98,18,39,34,69,,,soft rock;yacht rock;love;slow;oldies;retro;sweet,40W8Mm9t3ZO1iNQlls35lL
If I Ain't Got You,Alicia Keys,2003,RnB,118,44,61,17,82,,,r&b;neo soul;jazz;slow;love;waltz,3XVBdLihbNbxUwZosxcGuJ
If I Had A Hammer,Peter Paul and Mary,1962,Folk,90,39,47,51,12,WIP,,folk;folk rock;fast;dance;groovy;retro;oldies;folk,4AaCr2lbXtxJQRpSpObAqe
I'll Be There For You (Friends theme),Rembrandts,1995,Rock,191,71,29,75,0,,,;dance;fast;love;groovy,5FC0XyIOkvY1h5bo9t44TL
I'll Have To Say I Love You In A Song,Jim Croce,1973,Folk,134,45,54,71,0,,,folk rock;singer-songwriter;acoustic;love;slow;groovy;oldies;retro;sweet;folk,4t8tx6o7oM6Ax66ZUU361y
I'm A Believer,Monkees,1967,Pop,79,77,50,94,57,,,;oldies;retro;fast;dance;groovy;love,1CSLeVCXmetBh8IkTPMFdL
I'm Yours,Jason Mraz,2008,Rock,151,44,70,71,77,,,soft pop;acoustic pop;love;groovy;dance,1EzrEOXmMH3G43AXT1y7pA
In My Life,Beatles,1965,Rock,103,44,69,44,76,,,classic rock;psychedelic rock;love;dance;groovy,3KfbEIOC7YIv90FIfNSZpo
In The Summertime,Mungo Jerry,1970,Skiffle,164,65,64,97,2,WIP,,;alternative;dance;groovy;oldies;retro,3RNyGLgSvmVRZ7xKUp8Wgd
Instant Crush,Daft Punk,2013,Disco,110,59,78,52,77,WIP,,french house;electronic;electro;alternative;dance;love,2cGxRwrMyEAp8dEbuZaVv6
Iris,Goo Goo Dolls,1998,Rock,156,72,32,50,92,,,;,6Qyc6fS4DsZjB2mRW9DsQs
It's the End of the World As We Know It,R.E.M.,1987,Rock,206,89,38,80,67,WIP,,jangle pop;alternative rock;rock;dance;fast;groovy,2oSpQ7QtIKTNFfA08Cy0ku
Jailhouse Rock,Elvis Presley,1957,Rock 'n' roll,167,66,66,88,36,WIP,,rockabilly;rock and roll;oldies;retro;dance;fast;groovy,4MO4IrAvsZu1aSlAVnYxWb
Jar Of Hearts,Christina Perri,2011,Pop,75,35,35,9,73,WIP,,soft pop;alternative;slow;love,0HZhYMZOcUzZKSFwPOti6m
Johnny B Goode,Chuck Berry,1958,Rock 'n' roll,168,80,53,97,74,,,rockabilly;rock and roll;dance;fast;oldies;retro;groovy,2QfiRTz5Yc8DdShCxG1tB2
Jolene,Dolly Parton,1973,Pop,111,54,67,81,71,,,country;classic country;dance;fast;retro;oldies;alternative;acoustic,2SpEHTbUuebeLkgs9QB7Ue
Just Give Me A Reason,Pink (ft. Nate Ruess),2013,Pop,95,55,78,44,83,,,;dance;love;groovy,1mKXFLRA179hdOWQBwUk9e
Just The Two Of Us,Bill Withers,1980,Jazz,96,32,71,50,41,,,french jazz;vocal jazz;jazz;brazilian jazz;jazz;oldies;retro;love,5Sg1MgUVDNaPoWsKzbjUNi
Just The Way You Are,Bruno Mars,2010,Pop,109,84,64,42,84,,,;dance;fast;love;groovy,7BqBn9nzAq8spo5e7cZ0dJ
Killing Me Softly,Lori Lieberman,1972,Folk,100,2,51,26,32,,,;love;slow;oldies;retro,6GHtyusLtbFDJuFZ8j9Yju
King Of The Road,Roger Miller,1965,Country,118,27,67,61,61,WIP,,classic country;oldies;retro;groovy,3XG7bMVcMWLIn2k9jLAaAt
Kiss Me,Sixpence None The Richer,2002,Rock,100,75,53,42,84,,,;dance;groovy;love;acoustic;alternative;sweet,754kgU5rWscRTfvlsuEwFp
La Isla Bonita,Madonna,1987,Pop,100,82,72,96,74,,,;dance;fast;love;groovy,6r8k1vznHrzlEKYxL4dZEe
La Vie En Rose,Louis Armstrong,1950,Jazz,71,7,58,31,45,,,jazz;swing music;big band;vocal jazz;jazz blues;slow;love;dance;jazz;oldies;retro;acoustic;waltz;sweet,1GJCQMFysvt2S9WXSBaWYP
Layla,Eric Clapton,1971,Rock,116,68,49,54,37,,,blues;blues rock;classic rock;acoustic;alternative;love;groovy;oldies;retro,0e4os6wHr1jbFn4yPtSEOe
Leaving On A Jet Plane,John Denver,1966,Folk,133,28,49,47,48,,,folk;slow;oldies;retro;love;acoustic,0hS2EF1YErlHBS5c97iGxi
Lemon Tree,Fool's Garden,1995,Pop,143,48,66,64,2,,,;alternative;acoustic,4fXGWiVhlOLdhwRDP6pIFG
Let Her Go,Passenger,2012,Rock,75,55,48,24,73,,,folk pop;alternative;acoustic;love;groovy,1KxwZYyzWNyZSRyErj2ojT
Levitating,Dua Lipa,2020,Pop,103,88,70,91,80,,,pop;,39LLxExYz6ewLAcYrzQQyP
Like I'm Gonna Lose You,Meghan Trainor,2015,Soul,108,53,63,42,73,,,soft pop;neo soul;love;slow;groovy;waltz,2YlZnw2ikdb837oKMKjBkW
Lipstick On Your Collar,Connie Francis,1959,Rock 'n' roll,165,93,53,93,39,WIP,,schlager;dance;oldies;retro;groovy,1tY8PhIOqDTx1GHDEhSuxh
Living Doll,Cliff Richard and The Shadows,1959,Rock 'n' roll,63,48,60,77,41,,,;dance;oldies;retro;groovy;sweet;love,2OqzR7I7GF19T2qPrbmYQC
Lonely,Imagine Dragons,2021,Alternative,98,73,71,87,65,WIP,,;,1VMBapbhHidf6ALFszT7w1
Lonely Stranger,Eric Clapton,1992,Rock,75,47,74,59,0,WIP,,blues;blues rock;classic rock;alternative;groovy,5nZax8mmBCb4UYnW6ibvTb
Long Goodbyes,Kurt Hunter,2009,Jazz,100,42,69,64,1,WIP,,;love;slow;groovy;alternative,2BH2OuQBy2NSPf6rzfzold
Long Train Running,Doobie Brothers,1973,Rock,117,91,58,84,76,WIP,,yacht rock;classic rock;soft rock;southern rock;dance;fast;groovy;love;oldies;retro,4nXkbcTj3nyww1cHkw5RAP
Losing My Religion,R.E.M.,1991,Rock,126,86,67,80,85,,,jangle pop;alternative rock;rock;alternative;groovy,31AOj9sFz2gM0O3hMARRBx
Lost On You,LP,2015,Rock,174,72,43,69,3,WIP,,;alternative;groovy;slow;love,2LIh4uzqq9cXMPzzmcToHl
Love Story,Taylor Swift,2008,Pop,119,74,62,30,66,,,;love;dance;acoustic,1vrd6UOGamcKNGnSHJQlSt
Love You Like A Love Song,Selena Gomez,2011,Pop,117,68,86,92,81,,,;love;dance;fast,0laYHRpNTS6i8FXdupHkJ4
Love Yourself,Justin Bieber,2015,Pop,100,38,61,52,84,,,;acoustic;alternative,50kpGaPAhYJ3sGmk6vplg0
Lover Of The Light,Mumford and Sons,2012,Folk,106,69,31,38,0,WIP,,folk;indie folk;folk rock;alternative;acoustic;folk,6NUr2TMn5nsaerT4tuHpFb
Lucky,Jason Mraz,2009,Pop,130,41,63,67,68,,,soft pop;acoustic pop;alternative;love;acoustic;groovy;sweet,0IktbUcnAGrvD03AWnz3Q8
Lucky Lips,Cliff Richard,1957,RnB,145,48,69,90,36,WIP,,;oldies;retro;love;dance;fast;groovy;sweet,4xHXqIwdjXRYJvwT8HNByt
Make You Feel My Love,Adele,1997,Rock,65,17,32,10,70,,,soft pop;slow;love;acoustic;alternative;oldies;retro,5FgPwJ7Nh2FVmIXviKl2VF
Mamma Mia,ABBA,1975,Pop,138,75,75,83,78,,,;oldies;retro;dance;jive;groovy,2TxCwUlqaOH3TIyJqGgR91
Maria Maria,Santana,1999,Rock,98,60,78,68,71,WIP,,;groovy;dance;love,567UAkWoLBqZ709s3Qcbze
Mary Jane's Last Dance,Tom Petty and The Heartbreakers,1993,Rock,170,65,46,53,76,,,classic rock;groovy;dance;slow,3dmqIB2Qxe2XZobw9gXxJ6
Mi Chico Latino,Geri Halliwell,1999,Dance,102,91,63,68,43,WIP,,;groovy;dance;fast;love,3Qu88IYwuDpUQNi6UwJsDz
Michelle,Beatles,1965,Pop,117,29,58,67,66,,,classic rock;psychedelic rock;love;groovy;oldies;retro;acoustic,5By7Pzgl6TMuVJG168VWzS
Money Money Money,ABBA,1976,Pop,121,70,79,65,69,,,;oldies;retro;dance;jive;fast,3lKN03PDeBnXZS7sDukRBt
Moon River,Various,1961,Easy Listening,86,3,38,17,59,WIP,,;love;slow;oldies;retro;waltz,1XwAKjAZ1xDZOcuyZoqce4
More Than A Friend,Michael Learns To Rock,2000,Pop,93,67,73,84,22,WIP,,;groovy;dance;love;acoustic,3g815ZTHx784EBVvzpiHfv
More Than I Can Say,Leo Sayer,1980,Pop,96,54,72,68,55,,,soft rock;yacht rock;love;groovy;dance;oldies;retro,72AP0jERH6lLf6vd32WcDJ
More Than Words,Extreme,1991,Rock,92,13,63,24,76,,,glam metal;love;slow;groovy;acoustic,1gVgkQFOKa8Wc1HYsJtPdH
Moves Like Jagger,Maroon 5,2010,Pop,128,76,72,62,74,,,pop;,7LcfRTgAVTs5pQGEQgUEzN
Mr Blue Sky,Electric Light Orchestra,1977,Rock,178,34,39,48,79,,,art rock;groovy;oldies;retro,2RlgNHKcydI9sayD2Df2xp
Mr Brightside,Killers,2003,Rock,148,91,35,24,87,,,alternative rock;dance;fast;groovy;love,003vvx7Niy0yvhvHt4a68B
My Love,Westlife,2000,Pop,144,59,49,33,72,WIP,,;love;slow;dance,5p0ietGkLNEqx1Z7ijkw5g
Never Going Back Again,Fleetwood Mac,1977,Folk Rock,176,34,65,95,71,WIP,,classic rock;yacht rock;soft rock;alternative;acoustic;oldies;retro;love;folk,19Shlms2uTnOjIUg50TXzd
New Light,John Mayer,2011,Rock,124,69,83,85,76,,,singer-songwriter;dance;fast;love;acoustic,4T6FWA703h6H7zk1FoSARw
New Shoes,Paolo Nutini,2006,Pop,150,74,75,85,65,WIP,,;dance;fast;love,265Anh9hGoozFigjUVLUeD
Nights In White Satin,Moody Blues,1967,Rock,157,34,19,22,57,WIP,,progressive rock;art rock;blues;psychedelic rock;baroque pop;slow;oldies;retro;love;acoustic;waltz,5w1ingzqrsJka9nlnEFB64
Norwegian Wood,Beatles,1965,Folk Rock,177,37,43,65,68,,,classic rock;psychedelic rock;oldies;retro;acoustic;love;groovy;folk;waltz,1H7gMYGykdtwZOV6s1N0by
Numb,Linkin Park,2003,Metal,110,87,49,21,87,,,nu metal;rap metal;rock;alternative metal;alternative;acoustic;groovy,2nLtzopw4rPReszdYBJU6h
Objection,Shakira,2002,Pop,179,86,60,71,53,WIP,,latin pop;dance;fast;love;groovy,36YNa8joLwu9yor2TkZbIY
Oh Carol,Neil Sedaka,1995,Rock,135,73,73,97,59,,,doo-wop;adult standards;dance;groovy;love;sweet,5zvOXJrzzUlvXwyuwZ0toZ
Old Yellow Bricks,Arctic Monkeys,2007,Rock,135,84,66,75,58,WIP,,indie;garage rock;alternative;dance;fast,3BcQFPRZuuUClWStz29WjN
One,U2,1991,Pop,181,53,39,33,75,WIP,,rock;,3G69vJMWsX6ZohTykad2AU
One Love,Blue,2002,Pop,95,72,68,85,65,,,;groovy;dance;acoustic;alternative,2W5acFzXf5FrktecuD30Or
One Of Us,Joan Osborne,1995,Pop,175,50,32,40,68,WIP,,;alternative,1xNmF1Uep5OGutizZSbKvd
Only Love Can Hurt Like This,Paloma Faith,2014,Pop,91,89,57,30,79,WIP,,;groovy;dance;love,62ke5zFUJN6RvtXZgVH0F8
Open Book,Mikey McCleary,2015,Pop,78,36,56,45,9,WIP,,;alternative;acoustic,0B0kgEDcAmf4MDEEYStnpW
Operator,Jim Croce,1972,Folk,130,45,69,83,0,WIP,,folk rock;singer-songwriter;oldies;retro;acoustic;love;groovy;folk,3NJzkMApQqAudLSgYb5Bz2
Paper Roses,Anita Bryant,1960,Pop,117,12,35,32,34,WIP,,adult standards;oldies;retro;love;sweet,0CdsYCCygXgNYk7l1ULMht
Paradise,Coldplay,2011,Rock,140,59,45,21,84,,,;alternative;love;acoustic;dance,6nek1Nin9q48AVZcWs9e9D
Part-Time Lover,Stevie Wonder,1985,RnB,175,62,66,96,71,,,motown;classic soul;soul;dance;jive,0Dm43YLUlGdePpSbI1ct8h
Perfect,Ed Sheeran,2017,Pop,95,45,60,17,88,,,soft pop;alternative;acoustic;love;slow,0tgVpDi06FyKpA1z0VMD4v
Photographs And Memories,Jim Croce,1972,Rock,123,23,58,49,0,,,folk rock;singer-songwriter;alternative;acoustic;oldies;retro;love,25P9qtKtJUQXcWjM4zQfA5
Piano Man,Billy Joel,1973,Pop,178,55,33,43,82,WIP,,soft rock;oldies;retro;acoustic;groovy;waltz,70C4NyhjD5OZUMzvWZ3njJ
Poetry In Motion,Johnny Tillotson,1960,Doo-wop,135,71,49,91,0,WIP,,doo-wop;oldies;retro;love;acoustic;groovy;sweet,6c9Zgl3NolMeAPJnW779eM
Pretty Woman,Roy Orbison,1964,Rock,127,58,61,95,66,,,rockabilly;dance;fast;groovy;retro;oldies;love,52HAHV1j93s5B8GoTNI7DJ
Pretty World,Sergio Mendes,1969,Jazz,122,38,62,89,20,,,bossa nova;brazilian jazz;latin jazz;jazz;dance;oldies;retro;love,264Iu7TFoRzdFpGcmFc884
Price Tag,Jessie J,2011,Pop,175,83,64,68,64,,,;dance;groovy;love,5mvKuE9Lf9ARVXVXA32kK9
Quando Quando Quando,Engelbert Humperdinck,1962,Bossa nova,176,59,37,84,62,,,;jazz;dance;groovy;retro;oldies,03MOcbkkoNLjP0G91iODSB
Que Sera Sera,Various,1956,Soundtrack,176,42,40,74,51,,,adult standards;big band;oldies;retro;love;dance;acoustic;waltz;sweet,4Ylqc711Eq763XbTAOABu3
Raindrops Keep Falling On My Head,BJ Thomas,1969,Pop,107,50,55,73,0,WIP,,;oldies;retro;dance;groovy;sweet,7a9uRVfAZn74qHOFbQEiHN
Rasputin,Boney M,1978,RnB,126,89,64,97,63,WIP,,disco;oldies;retro,5jkFvD4UJrmdoezzT1FRoP
Rhythm Of Love,Plain White T's,2010,Rock,172,54,53,73,60,,,;dance;fast;love;groovy;sweet,6MDTpYxPFL0wtFd0pjfKws
Ring Of Fire,Johnny Cash,1962,Folk,104,59,66,78,68,,,classic country;outlaw country;country;acoustic;oldies;retro;love;dance;sweet;folk,6YffUZJ2R06kyxyK6onezL
Rock 'n' Roll,Eric Hutchinson,2008,Rock,201,79,46,90,11,,,;acoustic;dance;groovy,747oKsJuqrbYtvEDPp8xiW
Rockabye,Clean Bandit,2018,Pop,102,76,72,77,49,WIP,,dancehall;alternative;groovy;love,4Ed0yjbAZDmwuYnVoYXzDB
Rocket Man,Elton John,1972,Rock,137,53,60,34,81,,,;slow;dance;love;acoustic;retro;oldies,3gdewACMIVMEWVbyb8O9sY
Rockstar,Nickelback,2005,Rock,144,91,62,69,64,,,post-grunge;rock;alternative;groovy;dance,6n9yCXvLhnYMgJIiIcMu7D
Rolling In The Deep,Adele,2011,Pop,105,77,73,51,77,,,soft pop;dance;groove;love,1c8gk2PeTE04A1pIDH9YMk
Royals,Lorde,2013,Pop,85,43,67,34,78,,,;groove;dance,2dLLR6qlu5UJ5gk0dKz0h3
Sad Movies (Make Me Cry),Sue Thompson,1961,Pop,107,27,61,61,39,WIP,,;oldies;retro;groovy;acoustic;sweet,5PYEBQrRHWoMuRr5Ers9vR
Senorita,Camila Cabello,2017,Dance,117,54,76,75,79,,,;,0TK2YIli7K1leLovkQiNik
September,Earth Wind And Fire,1978,Disco,126,83,70,98,74,WIP,,funk;disco;groovy;fast;dance;oldies;retro,2grjqo0Frpf2okIBiifQKs
Seven Nation Army,White Stripes,2003,Rock,124,45,74,28,83,,,garage rock;blues rock;rock;alternative rock;alternative;dance;groovy;acoustic,3dPQuX8Gs42Y7b454ybpMR
Shape Of My Heart,Sting,1993,Rock,84,37,54,24,75,,,soft rock;love;slow;dance,6CKoWCWAqEVWVjpeoJXyNH
She Bangs,Ricky Martin,1998,Pop,144,94,64,91,27,WIP,,latin pop;latin;dance;fast;groovy,41vhG2EdqWXVeeuZTzO8aE
She Will Be Loved,Maroon 5,2004,Rock,102,71,71,54,73,,,pop;alternative;acoustic;love;groovy,7sapKrjDij2fpDVj0GxP66
Shotgun,George Ezra,2018,Rock,116,74,67,75,75,WIP,,;alternative;dance;fast,4ofwffwvvnbSkrMSCKQDaC
Simply The Best,Noah Reid,2018,Soundtrack,85,14,44,12,51,WIP,,;acoustic;love;groovy,1KFuLRUmWf0irn0CLclT2X
Skyfall,Adele,2012,Pop,76,55,35,8,83,,,soft pop;dance;slow,6VObnIkLVruX4UVyxWhlqm
Smells Like Teen Spirit,Nirvana,1991,Rock,117,91,50,72,79,WIP,,grunge;rock;,5ghIJDpPoe3CfHMGu71E6T
Smooth,Santana,1999,Rock,116,92,61,96,71,,,;groovy;dance;love,0n2SEXB2qoRQg171q7XqeW
Smooth Operator,Sade,1984,Jazz,119,58,73,96,80,,,;jazz;dance;love;groovy,1Hv1VTm8zeOeybub15mA2R
Snow (Hey Oh),Red Hot Chili Peppers,2006,Rock,105,90,43,60,80,,,funk rock;alternative rock;rock;alternative;fast;dance;groovy,2aibwv5hGXSgw7Yru8IYTO
Somebody That I Used To Know,Gotye,2011,Pop,129,50,86,72,76,,,;alternative;acoustic,4wCmqSrbyCgxEXROQE6vtV
Someone Like You,Adele,2011,Pop,135,32,56,29,77,,,soft pop;slow;love;acoustic;alternative,1zwMYTA5nlNjZxYrvBB2pV
Something Stupid,Frank Sinatra,1967,Pop,207,34,26,54,76,,,christmas;big band;adult standards;swing music;jazz;vocal jazz;slow;love;acoustic;alternative;dance,4feXcsElKIVsGwkbnTHAfV
Son of a Preacher Man,Dusty Springfield,1969,RnB,182,50,40,82,64,WIP,,;groovy;dance;oldies;retro;love,7odHgoLFi3GQ90E9PeraI3
SOS,ABBA,1975,Pop,124,72,39,50,65,,,;dance;jive;oldies;retro;groovy;love,5pMmWfuL0FTGshYt7HVJ8P
Spit On A Stranger,Nickel Creek,1999,Rock,156,34,53,60,29,WIP,,bluegrass;newgrass;folk;americana;alternative;acoustic,6CnuCYYgFs8ejnSf9GxEbY
Stand By Me,Ben E. King,1961,RnB,118,31,65,61,77,,,;oldies;retro;jazz;dance;groovy,3SdTKo2uVsxFblQjpScoHy
Strength Of A Woman,Shaggy,2002,Reggae,86,52,75,67,52,WIP,,reggae;groovy;dance;acoustic;alternative,3Rv2kFdLcwVdS47BLwo22O
Stuck In The Middle With You,Stealer's Wheel,1972,Pop,124,58,82,96,76,WIP,,;oldies;retro;dance;fast;groovy,3Vby4nGmtbDo7HDJamOWkT
Stuck On You,Lionel Richie,1983,Rock,132,32,51,25,71,WIP,,motown;,6HPLeKiNm92RbykX2BDTUB
Sugar,Maroon 5,2014,Pop,120,77,75,90,35,WIP,,pop;,13nZlZZYT0VkoUkcZ9j8fI
Sugar (Honey Honey),Archies,1969,Pop,122,87,74,97,64,,,;oldies;retro;dance;groovy;fast;sweet;love,3iSws76HjaU7k49EqJVTfF
Sultans Of Swing,Dire Straits,1978,Rock,148,80,73,93,70,WIP,,classic rock;oldies;retro;dance;jive;fast,6cr6UDpkjEaMQ80OjWqEBQ
Summer Holiday,Cliff Richard,1962,Pop,130,17,56,66,27,,,;oldies;retro;dance;groovy;sweet,6j7zXlw0L2qHxVxmMb5qBm
Super Trouper,ABBA,1980,Pop,118,63,76,96,75,,,;oldies;retro;dance;jive;groovy;love,0J2p4KYdr6Mg4ET6JPlbe1
Superman (Scrubs theme),Lazlo Bane,2000,Rock,162,79,54,83,29,WIP,,;acoustic;alternative;groovy;love,3ffJKEoVfbiSlDHztViu6O
Swallowed In The Sea,Coldplay,2005,Rock,142,38,27,15,54,,,;slow;love;acoustic,2u2WL5N3KnQnykOZi3fxL6
Sway,Michael Buble,1953,Latin,126,64,71,74,74,,,christmas;jazz;love;dance;groovy;oldies;retro,2ajUl8lBLAXOXNpG4NEPMz
Sweet Child Of Mine,Guns n Roses,1987,Rock,125,95,45,62,87,,,rock;glam metal;hard rock;classic rock;dance;fast;groovy;love,7snQQk1zcKl8gZ92AnueZW
Sweet Dreams,Eurhythmics,1982,Pop,171,48,49,91,44,WIP,,christmas;adult standards;alternative;groovy,4ykZMXKdWHgumz5XEOAh9N
Sweet Sweet Smile,Carpenters,1977,Pop,125,71,69,88,82,,,new wave;synthpop;oldies;retro;dance;fast;groovy;acoustic;sweet;love,1TfqLAPs4K3s2rJMoCokcS
Take A Chance On Me,ABBA,1977,Pop,107,68,68,92,76,,,;dance;jive;oldies;retro;love,5BckPAYcKEJuYs1eV1BHHe
Take Five,Dave Brubeck,1959,Jazz,174,26,45,57,48,,,jazz;cool jazz;jazz;acoustic;groovy;oldies;retro,5UbLKRX1qVROlwDFOooEvG
Take Me To Church,Hozier,2014,Soul,129,66,57,44,80,,,;acoustic;alternative;love,1CS7Sd1u5tWkstBhpssyjP
Tears in Heaven,Eric Clapton,1992,Rock,154,24,50,31,1,,,blues;blues rock;classic rock;slow;love;acoustic,7utRJ4BeYx85khzP3lKoBX
Ten Guitars,Engelbert Humperdinck,1966,Pop,134,48,62,85,23,,,;dance;love;oldies;retro;fast;acoustic;sweet,1xYkExG0VqJBMAJ047kd97
Thank You For The Music,ABBA,1977,Pop,99,29,66,54,19,,,;oldies;retro;dance;groovy,7F7ueUXVb16kzTVsPhTMCw
The Animal Song,Savage Garden,1999,Pop,116,67,65,83,52,WIP,,;dance;fast;groovy;alternative,5TuzQ44lPWTCKbfXbNIEXg
The Boxer,Simon and Garfunkel,1970,Rock,93,49,44,63,69,WIP,,folk rock;folk;oldies;retro;acoustic,76TZCvJ8GitQ2FA1q5dKu0
The Cave,Mumford and Sons,2009,Rock,142,51,60,35,1,WIP,,folk;indie folk;folk rock;acoustic;alternative,7IxVWmdabNVhfLBV3JD0nJ
The Girl From Ipanema,Getz / Gilberto,1964,Bossa nova,130,19,67,44,55,,,bossa nova;jazz;brazilian jazz;cool jazz;latin jazz;oldies;retro;acoustic;jazz;groovy,3898C4AbdbptwYet6547e5
The Joker,Steve Miller Band,2002,Rock,83,45,60,80,75,,,classic rock;acoustic;groovy;dance;slow,1bp2IO61zbQrbWNmKKxg3f
The Lazy Song,Bruno Mars,2011,Reggae,175,71,79,96,74,,,;groovy;dance;acoustic;alternative,1ExfPZEiahqhLyajhybFeS
The Reason,Hoobastank,2003,Rock,83,67,47,7,6,,,nu metal;alternative;acoustic,77loZpT5Y5PRP1S451P9Yz
The Scientist,Coldplay,2002,Rock,146,44,56,21,88,,,;alternative;slow;acoustic;love,75JFxkI2RXiU7L9VXzMkle
The Show,Lenka,2008,Pop,123,59,75,59,57,WIP,,;alternative;acoustic;love,1mHoqHeQClLBp5UO3TbUac
The Sound Of Silence,Simon and Garfunkel,1964,Folk,107,23,54,34,63,,,folk rock;folk;acoustic;slow;oldies;retro;alternative;folk,3YfS47QufnLDFA71FUsgCM
The Temple Of The King,Rainbow,1975,Rock,82,49,49,37,60,WIP,,hard rock;aor;metal;heavy metal;alternative;groovy,0gaMmmhGi5buPXpquSAfxg
The Tide Is High,Blondie,1980,Reggae,96,58,81,97,47,,,;groovy;dance;acoustic;alternative;sweet;love,1jLRap9S6KxWpzlxBqYh17
The Times They Are A-Changin',Bob Dylan,1964,Folk,172,40,39,59,68,,,folk rock;folk;singer-songwriter;roots rock;country rock;oldies;retro;acoustic;folk,52vA3CYKZqZVdQnzRrdZt6
The Way,Fastball,1998,Alternative,121,88,65,91,66,,,;,7IsEXPk6qqt30FfQv4SZMa
The Way I Am,Ingrid Michaelson,2007,Folk,120,26,88,32,51,WIP,,;slow;acoustic;groovy;love,43ddJFnP8m3PzNJXiHuiyJ
The Way You Look Tonight,Frank Sinatra,1961,Jazz,132,24,62,59,68,,,christmas;big band;adult standards;swing music;jazz;vocal jazz;jazz;acoustic;groovy;oldies;retro;love,0elmUoU7eMPwZX1Mw1MnQo
The Way You Make Me Feel,Michael Jackson,1987,RnB,114,82,61,51,56,,,;dance;love;groovy,541jTq3SOEELKvcfA0jHI0
The Winner Takes It All,ABBA,1980,Pop,126,79,45,52,82,,,;retro;oldies;jive;dance;groovy,3oEkrIfXfSh9zGnE7eBzSV
There She Goes,Sixpence None The Richer,2002,Rock,120,79,50,46,66,,,;acoustic;alternative;groovy;love,43z6scIZU2QcEieMQFAJRG
These Boots Are Made For Walkin',Nancy Sinatra,1966,Pop,83,43,74,34,60,,,;groovy;dance;oldies;retro;love,2PneNdtypG6XcgmWmGd9FI
Thinking Out Loud,Ed Sheeran,2014,Rock,170,29,37,50,52,,,baroque pop;slow;acoustic;alternative;love,6QOg1CWFpLAsIK7I54JX4G
This Is The Life,Amy MacDonald,2007,Rock,79,45,78,59,83,WIP,,soft pop;dance;fast;alternative;acoustic,34gCuhDGsG4bRPIf9bb02f
This Love,Maroon 5,2004,Rock,190,88,51,87,44,,,;alternative;groovy;love,3AI7ca5RpYLyqaVgU7K1AP
Those Were The Days,Mary Hopkin,1969,Folk,95,86,71,81,84,WIP,,pop;alternative;retro;oldies;dance,6ECp64rv50XVz93WvxXMGF
Til There Was You,Beatles,1963,Rock,122,34,73,65,63,WIP,,classic rock;psychedelic rock;oldies;retro;love;dance;acoustic,0ESIjVxnDnCDaTPo6sStHm
Time After Time,Eva Cassidy,1984,Pop,181,15,38,22,56,WIP,,;slow;love;acoustic,7ExSGiqt0W5xu3XoAwjnDm
Time In A Bottle,Jim Croce,1972,Rock,134,27,54,70,1,,,folk rock;singer-songwriter;oldies;retro;slow;acoustic;love,561F1zqRwGPCTMRsLsXVtL
Titanium,Sia,2011,House,118,15,50,15,30,,,;alternative;groovy;dance,1OitCc6VrNZGV5FHF2Mkws
To Be With You,Mr Big,2001,Rock,84,41,69,48,58,,,glam metal;alternative;acoustic;dance;love,3bP47tw8MOgtrwdO1iahVl
Top Of The World,Carpenters,1972,Pop,184,34,38,69,68,,,christmas;adult standards;oldies;retro;dance;love;fast;sweet,1Ehdm1PDlKrdfyBsjwEvd1
Toxic,Britney Spears,2003,Pop,143,84,77,92,83,,,pop;groovy;dance;acoustic;alternative;love;fast,6I9VzXrHxO9rA9A5euc8Ak
Twist And Shout,Beatles,1961,Rock,125,85,48,94,75,,,classic rock;psychedelic rock;dance;fast;groocy;retro;oldies,5ZBeML7Lf3FMEVviTyvi8l
Umbrella,Rihanna,2007,Pop,168,23,51,47,40,,,;groovy;dance;alternative;love,0Am4hsFXTqFeX1thMW6xAY
Under The Bridge,Red Hot Chili Peppers,1991,Alternative,85,35,56,46,84,,,funk rock;alternative rock;rock;alternative;groovy;acoustic,3d9DChrdc6BOeFsbrZ3Is0
Under The Sea,Disney,1991,Soundtrack,100,47,73,83,68,WIP,,;dance;fast;groovy,6oYkwjI1TKP9D0Y9II1GT7
Until,Sting,2001,Soundtrack,99,22,50,38,0,WIP,,soft rock;love;slow;acoustic;waltz,7jreWLyOSmYumdQtttnO4g
Until I Found You,Stephen Sanchez,2022,Alternative,101,51,54,23,78,,,;slow;acoustic;alternative;love,0T5iIrXA4p5GsubkhuBIKV
Uptown Girl,Billy Joel,1983,Rock,129,94,70,79,81,,,soft rock;dance;fast;acoustic;love,5zA8vzDGqPl2AzZkEYQGKh
Valerie,Amy Winehouse ft. Mark Ronson,2007,Pop,106,83,70,89,78,,,;dance;fast;acoustic;love,6kopmMZiyLmw7h66uXcXR7
Vanilla Twilight,Owl City,2010,Pop,166,53,58,57,61,WIP,,;alternative;acoustic;groovy,0vCTQcxSGAgjHaiAsIANKn
Venus,Shocking Blue,1969,Pop,128,76,69,96,66,WIP,,nederpop;dance;fast;love;groovy;oldies;retro,0Z3xhSOhrawLV81YdiDiiJ
Viva La Vida,Coldplay,2008,Pop,138,62,49,42,86,,,;groovy;dance;fast,1mea3bSkSGXuIRvnydlB5b
Wake Me Up,Avicii,2013,House,124,78,53,64,85,WIP,,edm;dance;fast;love,0nrRP2bk19rLc0orkWPQk2
Wake Me Up When September Ends,Green Day,2005,Rock,105,81,55,15,81,WIP,,punk;pop punk;acoustic;alternative;slow,3ZffCQKLFLUvYM59XKLbVm
Watermelon Sugar,Harry Styles,2019,Pop,95,82,55,56,83,,,;dance;fast;love;groovy;acoustic,6UelLqGlWMcVH1E5c4H7lY
Way Back Into Love,Hugh Grant,2007,Pop,203,68,28,57,42,WIP,,;love;groovy;dance,7JA1UOFeaHRfQrFsqvROM5
We Are Young,fun.,2012,Pop,184,64,38,76,2,,,alternative r&b;alternative;dance;love;acoustic,30X3SaDDWZnpStNQ5C0CkE
Wellerman (Sea Shanty),Nathan Evans,2021,Folk,192,36,68,79,70,WIP,,sea shanties;,54OBgO0Xwu20Jak9TMXbR7
What A Wonderful World,Louis Armstrong,1967,Pop,77,17,27,20,76,,,jazz;swing music;big band;vocal jazz;jazz blues;slow;acoustic;oldies;retro;love;waltz,29U7stRjqHU6rMiS8BfaI9
What's Up,4 Non Blondes,1993,Rock,134,56,57,45,81,,,;slow;groovy;alternative,0jWgAnTrNZmOGmqgvHhZEm
When You Say Nothing At All,Ronan Keating,1999,Pop,174,45,46,42,73,,,;groovy;dance;love;acoustic,0gcjc7Vt5xtcfmJgf6g2IO
When You Were Young,Killers,2006,Rock,130,99,47,32,77,,,alternative rock;alternative;acoustic;love,70wYA8oYHoMzhRRkARoMhU
Whenever Wherever,Shakira,2001,Pop,108,83,79,87,77,WIP,,latin pop;groovy;dance;fast;love,2lnzGkdtDj5mtlcOW2yRtG
White Flag,Dido,2003,Pop,170,54,51,28,62,,,;slow;love;acoustic,3adnLFXKO5rC1lhUNSeg3N
Wicked Game,Chris Isaak,1988,Rock,112,30,66,36,82,,,;slow;oldies;retro;love;acoustic,7w5AOd6HrDIHewHfpABEss
Wild World,Cat Stevens,1970,Rock,152,51,48,55,0,,,folk rock;folk;singer-songwriter;slow;oldies;retro;love;acoustic,4amVKQVSct5Nn5WLMNsKEV
Wisemen,James Blunt,2004,Pop,152,70,63,63,54,WIP,,;alternative;acoustic;groovy,3fl78noR9kt12JYKuTAP4a
Wish You Were Here,Pink Floyd,1975,Rock,123,26,48,38,81,,,progressive rock;psychedelic rock;classic rock;art rock;rock;slow;acoustic;alternative;love;oldies;retro,6mFkJmJqdDVQ1REhVfGgd1
With Or Without You,U2,1987,Rock,110,54,55,12,58,,,rock;slow;acoustic;love,6QPhpvO1pWDS91EsEmzsbc
Wonderful Tonight,Eric Clapton,1977,Rock,96,21,57,49,75,,,blues;blues rock;classic rock;slow;acoustic;love;retro;oldies,6zC0mpGYwbNTpk9SKwh08f
Wonderwall,Oasis,1995,Pop,175,85,41,46,74,,,britpop;madchester;alternative;acoustic;groovy,1qPbGZqppFwLwcBC1JQ6Vr
Yellow,Coldplay,2000,Rock,173,66,43,29,91,,,;slow;dance;alternative;love,3AJwUDP919kvQ9QcozQPxg
Yesterday,Beatles,1965,Pop,97,18,33,32,75,,,classic rock;psychedelic rock;oldies;retro;acoustic,3BQHpFgAp4l80e1XslIjNI
You And Me,Lifehouse,2005,Rock,140,43,46,35,75,,,post-grunge;slow;love;acoustic;alternative;groovy;waltz,0815caqt2Lytro5EIzMufT
You Belong To Me,Bryan Adams,2015,Rock,100,91,55,46,28,,,;fast;dance;groovy;love,5Y9bUw2zFRTwufHt6S49FG
Your Song,Elton John,1970,Pop,128,32,55,32,78,,,;slow;love;oldies;retro,38zsOOcu31XbbYj9BIPUF1
You're Beautiful,James Blunt,2005,Rock,82,48,68,45,75,,,;love;slow;alternative,0vg4WnUWvze6pBOJDTq99k
You're Still The One,Shania Twain,1997,Country,134,49,59,63,70,,,country;dance;love;slow,1wb4P4F0sxAQ2KXrRvsx6n
You've Got To Hide Your Love Away,Beatles,1965,Pop,184,39,40,38,64,,,classic rock;psychedelic rock;oldies;retro;love;groovy;dance;waltz,4F1AgKpuFRMLEgtPETVwZk
Zombie,Cranberries,1994,Rock,167,65,31,31,74,,,;slow;groovy;alternative,7EZC6E7UjZe63f1jRmkWxt
